Temperature,Pressure,Speed,Vibration,Defective
107.47022881127636,8.854704346997355,155,2.349048657953423,0
106.96878529789588,6.582407418152627,273,1.809705509748648,1
88.8597419543856,11.953542507318696,274,6.07045366599549,0
81.391967994734,6.0572456043113485,200,2.0238621623258664,0
96.36998295141589,11.648077585802445,115,2.248982957013677,1
91.56772607863479,7.8618087079790735,296,3.70027432535947,1
112.35910998454835,6.989168137372247,101,3.5348770871601745,1
112.01456753821381,14.363525578249854,227,6.438155592989281,1
98.28095808770502,5.185245767459559,191,8.350707515254133,0
104.26048901292876,9.37777271889569,204,7.852146905826031,1
104.170380639477,5.216269924617938,281,3.3623600924482906,1
113.08632593710493,9.83593048104329,254,3.2077944818738193,0
97.0000965649279,10.010473777944181,130,9.69212377096271,1
91.01786719162037,8.216624713947471,268,1.0741261743276411,1
90.6013967256219,6.321617775250237,263,8.917484797541942,1
101.44769117128817,8.763875377344753,146,2.7975566721016447,1
97.9659281092885,11.72262939932566,142,9.52555890780791,0
97.60483083939745,12.823958086444591,164,4.080765563447677,1
83.64549356358829,10.307506023881423,149,4.963165965039271,1
108.74414962760783,10.898343944397556,100,7.364085525499429,1
88.54946751927643,7.006163711246527,299,6.289021463259343,1
87.87814520834885,7.873303332276494,284,3.8614539673614052,1
96.51033281109574,6.618956100523584,243,5.984478242810412,0
89.11113366471206,7.492953500046113,221,7.576361959265976,1
103.35433069232062,7.248867802255318,127,1.381014513122429,1
94.85853357337886,10.194487863912375,185,1.1007937473013372,0
97.9564689037116,10.626887557907294,181,5.122602451656022,1
101.48677286416115,14.449474208215046,121,2.1865295602316275,1
88.14142089927219,6.9557064710152305,140,6.97909862318243,1
86.2300649146212,11.416757101614959,175,2.9264721060469077,1
115.2168761149442,13.172592689875229,246,4.895659961161039,0
97.34894811325684,10.602414637830524,188,2.7790384318684205,1
96.48374438530156,7.550036525010757,277,5.936352271742121,1
81.42448601091365,7.625502300200003,158,2.0444811344611202,0
99.91905210349573,5.392530530709999,168,1.2079616750873223,0
102.16678886444001,8.054442265484816,261,1.4601847429602746,1
102.35363483818666,12.446036790033801,266,9.58832597363779,1
108.28124677291538,5.475177572071104,222,2.2805759674984225,0
87.09927339964047,7.192952825048307,173,7.376304278231517,1
90.08892536922475,12.062324985317819,106,1.6113358380054361,0
112.4292186092165,12.826515628228766,200,1.9734431701166395,0
117.88682467373576,9.553184100619283,210,5.579886262684012,1
85.43730989469283,11.98074338478649,279,5.183838371389093,1
99.90598218020872,8.87952168654892,287,9.564222784958826,1
88.56705010958348,6.599132450241275,151,9.503519077186636,0
82.4029267341993,8.981494935229065,123,8.016477782882186,1
93.02013352504542,10.799678202031428,125,6.418916471146147,1
85.74750500736852,14.480532818528904,224,5.094642856537099,1
108.39732293736985,5.687509520886773,189,4.205606808955789,1
101.34901654685777,10.073940938449606,221,9.523787922779999,0
85.75337883961244,8.289197782107244,109,6.42617930282217,1
80.36966353622057,10.083116942766946,116,6.21165274917395,0
112.32628196096852,5.239754473765316,101,3.0871100959202336,1
87.0477762465699,8.130253547015814,211,1.4202803609660175,1
104.24866568883064,13.19868147527005,126,9.5066972178359,1
93.47687652306982,10.539417338546375,170,3.8236173296018854,0
103.41943753260142,9.505824928161175,275,4.983301209920128,1
92.62614507929297,7.855250717153396,217,2.0317594922713615,1
83.47758242769017,7.980425227913559,108,8.532318969183628,0
88.91800034231014,8.831014335905845,185,1.2486864957033756,1
87.52234265916303,13.355707099645604,122,8.505916858891869,0
97.12077409758575,14.672132068082684,298,2.262565115091701,0
106.3313513370463,9.386553813503745,172,8.979077013680369,1
90.55224299785431,8.933528387477619,126,7.567953736025417,0
80.48279741202472,13.465507758198628,192,2.4820323625657457,1
100.75749457059027,9.269053206363036,180,6.092361935735213,1
104.23037957435888,10.520181722956512,183,3.8139068291969753,1
118.51481976007238,7.309416645987445,298,2.604097890204251,1
103.57883212372988,12.435025357790753,142,8.732639794699976,0
98.84690237512567,10.31988318270782,106,4.631704898565065,1
102.93606503590816,13.090345502403416,191,4.586893429288443,0
117.11602519448108,12.807327300286698,182,2.52898007325958,1
113.13512582406585,7.1500476827002855,290,4.447591084772008,1
92.91914933455232,12.156355505577624,183,8.844551616959652,0
89.49017454628549,13.000544079513714,143,4.268158394406723,1
90.50534449464294,8.46107240782395,266,9.564432062498092,0
100.17684158860853,6.726091129022746,139,9.516780092875488,1
109.76197804914311,5.026321555795882,234,2.304087933766114,1
100.12876828731848,9.509036530931482,297,2.595801281703804,1
82.7118558331245,8.524327315388415,124,8.764066632987003,1
108.94322801759924,10.54909833825409,158,4.534848270322473,0
112.23880514683816,6.880410925887857,240,1.039365840547084,1
91.57991460478878,13.596655476664752,202,3.464846377348339,1
106.56502957133401,7.577552156281096,185,6.3786609387600395,1
97.06367604217573,7.264296050876499,211,8.193393693639713,1
115.56477422909771,9.807140564843559,185,2.200497553839336,1
113.80902232642958,9.988510237442743,197,1.9948722797506182,1
101.01727993238569,7.150852287850928,161,9.298833882150985,1
107.66022183254378,7.7186072672591575,107,7.760335310403244,1
115.33398804088415,6.697052391552449,212,6.308016407002706,1
99.82868040313102,12.184601783231667,272,7.922681109963352,1
92.53002961955288,12.70089031254082,245,4.859689251759746,1
110.14664551638324,9.623284974592826,159,7.826101725782139,1
88.80265019138767,12.140870226850176,159,4.346226921470822,1
95.54124592024168,12.359353919374456,205,3.196851152433421,0
114.62908948427174,6.382755276778086,101,7.561120791636718,1
108.9768936107726,14.661780248345368,293,4.777050629415415,0
96.15244020989996,13.21031947096431,190,9.832393938935754,1
88.5897800963343,7.044834611958235,113,4.1453666407729095,1
94.23873563328947,6.861650357460702,147,9.295546784779594,0
91.36416596909731,6.256611455795827,202,9.396662937103715,1
87.04357151775416,6.383785625419184,155,3.1766765235827155,1
109.73331654262627,12.481617990286962,111,8.18399063429212,1
90.08279547400686,9.696542569516236,154,4.897670546301086,1
98.16669880671056,12.829341727398672,255,9.257722545073133,0
95.43437787344436,12.462548943502053,209,5.051118453717149,1
119.28309514542524,11.046127135052217,103,7.698733456036295,1
95.64368976592883,11.863666065786795,135,5.202706682474181,0
83.19929931187019,5.183557243791418,277,3.0502068014157055,1
83.59303010288336,8.11777646805022,230,2.7941511605021767,0
103.6301488541226,11.378221792594102,100,4.82888074830711,1
103.97454206953063,5.093449534862442,116,7.7994519131279345,1
96.7503596193062,5.329769436825934,298,6.445643366626902,1
97.27374769248118,13.518879824703832,161,7.19766360910489,1
82.15730331363486,11.840248616920718,147,3.540937156587482,1
100.66186041557049,7.653697331203439,161,5.332918113618449,1
100.18957901521406,11.879628401187091,168,1.399557384723943,0
85.98197274227778,12.924566691392632,246,8.357791743623086,1
84.15357544443711,8.067942831101012,202,9.909029460158871,0
84.94289962397961,5.360373774991874,209,4.661911563622038,1
84.04112985965034,14.327791246877345,261,1.0986728781838901,0
104.3883278214704,8.451798382956305,276,2.5281337559585264,0
87.85930609611674,6.064817632847063,274,6.87274189975377,1
90.05720608749854,9.918568713931474,190,6.508713863834733,0
86.94288576605759,12.684677956641337,213,8.090782476269895,0
118.31341217794012,7.216473146175591,277,3.2849560986496136,1
114.18469852607342,7.694900501333634,188,7.872687239924207,1
89.21979349406084,7.427149867985832,253,7.191856193713028,1
93.10265175688504,14.916730528316782,155,3.9053304794245896,1
88.39571369219989,6.974037337305425,177,5.909393332512658,1
99.67503837843296,10.75520216966124,113,2.3254642764849405,0
80.78442129897014,14.252646416569643,124,5.073080530920244,1
106.85472035587182,6.468965688777793,231,8.930776056000768,1
100.92632599270567,14.708541978677003,131,4.790722418428517,1
115.94555713204413,14.474772343956246,181,8.556100358278798,0
86.57570737313657,13.845719870582625,177,6.312280287337249,1
112.16436984244527,7.1455652133000225,292,2.726890417921211,1
111.67844057866863,11.340550560109833,205,6.229956202281068,1
85.08724756867548,12.608914729612401,288,5.553849962413571,0
95.9423689657651,14.860279281964297,119,4.587772016767456,0
86.80610564578068,6.804238220813704,173,2.076673955644633,0
90.18882001830195,12.660258995192965,109,4.750377974625069,0
90.52984699322178,8.388011699271129,222,1.654861386156644,1
102.2494557610309,6.756264655680023,133,1.8889214625887614,0
96.45643727041862,9.21376941213855,288,4.743248796394444,1
117.90931216025221,12.938359121486164,254,3.7484333377161736,1
85.05480567788021,9.648498037040522,139,9.329898932760011,1
118.94768539400795,10.375231002030485,292,4.381352248422434,1
89.22554560857056,14.951594102001213,226,7.820723098648902,1
110.91495745527412,8.99109299557426,132,5.772227737296184,1
93.55879704691286,11.154007547092398,295,7.336771017781019,0
85.72325581669256,8.652442016153719,170,3.3410438471385926,1
114.31556740984959,8.92785646328705,236,9.477144755544963,1
92.35443596945854,11.956407534454081,243,5.770796472229815,1
106.35421616907368,14.378869760948835,232,8.481916641567247,1
102.65774740346507,10.423589504923214,197,4.285411241285021,0
98.87025237563498,12.683999289487797,223,1.9019021414547208,1
99.83277890594157,5.892065588169638,250,7.063404829487639,1
109.2895165636915,7.11158037431927,142,1.0698368350368204,1
83.51091656493762,10.021316409195325,213,5.277636789089574,1
106.7272264783162,5.200117236287748,188,2.735217123998133,0
115.83248405594315,7.528549787625588,284,6.646379539918259,1
82.31152788079457,10.17401289824966,278,9.81477885824067,0
85.62613356934666,5.149611982563007,112,5.1796261568858135,1
108.66527746808126,7.645462862260417,227,8.357484308731,1
97.4912659297847,10.140308194758695,251,5.57005768256009,0
96.14194483254754,10.731492479812456,238,5.462560279936216,1
85.47866538176943,14.257516930553054,151,9.373811438609,1
100.27080162871152,11.453456232506078,116,9.009692818720133,1
85.06181244785509,9.147358025299937,264,8.07220418669177,1
99.06481825242162,14.303511771330678,112,3.666301779851057,0
110.54461195846628,12.848829833877943,289,5.905075741515465,1
90.33057431548654,7.0000892111274755,183,3.015075099751165,0
99.2314467271891,6.3084236134881975,196,4.9952502824188585,1
119.68063877587343,11.75811635742733,205,5.357917591838116,1
107.46601693416149,10.598831655769839,195,8.484760361523978,1
113.65427085220794,12.896736137927558,107,9.064255287924938,1
96.59390426242183,12.388050500786864,155,4.7315805615683,0
110.71443692503422,11.25211533857515,203,1.1593400056591348,0
81.62036691765287,14.863821716288921,182,8.755964558104193,1
84.9164473016898,10.335897301104087,297,2.568508106512246,0
88.12282371680249,6.131057565017199,143,6.596937675013542,0
96.07807698460878,13.282735648159884,287,1.2247381039071807,1
113.82979513303053,7.51853362345709,202,4.595558277345079,1
93.85064203151722,12.773021481439184,211,9.873642719038148,1
106.18484774061852,14.571070960000513,268,1.9062424099342279,1
108.37257179213934,11.967955139643411,248,4.813238367996781,1
103.44729416353366,10.96030160949801,141,3.7643495517095698,1
94.28967872680545,9.603861756750405,256,9.14579311049438,1
103.08213366854177,8.644098659954032,292,8.824060971166197,1
93.69062371158985,8.530047509718361,244,3.1392888427560592,1
83.35494954208048,11.363727057095906,129,1.7306900834538805,0
119.71215912744057,12.51273116937746,125,6.644245546550057,0
85.08729814530044,11.785170694844144,280,4.027318406953388,0
82.89393535344229,6.9841010119356275,224,7.0487595154545675,1
115.14122996828624,9.939871801434911,118,1.2890778046103302,1
92.0733864357158,12.91640072183063,152,2.2005931165974046,1
106.0118789629403,9.757040781890563,184,7.17735009495379,1
93.16022918648932,10.36623279735494,116,2.9113358977224797,1
95.65817083177885,12.711360481708223,273,8.718289081861613,1
90.48451888067186,11.612653062650915,203,1.5273179893912188,0
93.72176023172041,9.093449208823927,280,2.9393378450701717,0
96.42801602346172,13.954127111942189,204,9.987042236365617,1
108.81664276369372,6.625670686634786,203,4.897684923281133,1
100.46144776939167,14.955164485903246,291,7.326690971901792,1
117.74260868627908,6.188525784762372,272,2.643967439713123,1
81.67521575355102,5.149499711042389,276,6.48881861486984,1
100.12273290528113,13.900189011487647,246,7.534954615324766,1
103.36899155326873,7.449535083659561,223,3.830289722798595,1
116.80787944297096,12.296996274467208,298,8.4600740077829,1
81.96634094485711,13.110153749320693,180,6.43075820625055,0
102.93998339740864,13.589863910321169,292,4.502107086535272,0
114.14519714111827,14.915942356641667,136,6.018781540088427,1
89.67710912476946,7.9403971003999905,220,6.190847626923318,1
115.0516939409575,12.102433419272591,169,2.489817634244794,0
80.76173637097168,6.153998582808282,253,4.624591328802696,1
109.2981851653492,9.068092913568494,229,4.090875292175438,1
117.32452884674612,13.479716933125903,158,4.608124503212135,1
106.28790646560249,8.676580460591083,217,7.849995296367322,1
97.56116975921792,10.91095380535614,232,5.342845667200054,1
81.79524065890872,10.03773443724634,136,9.462845379153379,0
116.80455253290515,11.459515311120452,130,3.6430877202259255,1
98.81184890766299,14.728943893876949,198,4.741332204564361,1
81.15986977343792,5.557355265014021,193,8.082611294311373,1
107.59284285315047,10.739615175016297,275,5.914221339886752,1
99.27349014305032,13.630287792502848,105,5.92325331782003,0
84.97381269769643,9.813827117484275,114,1.4800614670466516,0
88.57087237241038,5.785271859415728,242,4.587396964466103,1
82.57962721823385,10.60539352416771,288,3.4366035917955924,0
102.97174158834295,8.320738908238205,115,9.99401610548004,1
104.88117917008037,6.549417853379359,119,3.7751956356907925,1
100.22969193421778,13.49034513283473,176,8.960468813144772,1
112.6840853201046,10.215995129911217,143,7.086103615364297,1
114.44035285232054,14.332764123790668,269,4.068247682728813,0
104.62497586732506,13.06016504603069,145,5.891809405367113,1
80.51025918829723,11.929717937736672,194,8.564822919542744,0
107.80918622990943,5.050255033653119,261,8.950314682278208,1
96.71996867681406,9.2782345663825,163,2.443544875055307,0
102.62229932905548,6.974862816520323,256,4.056158270873526,1
105.96322408075537,14.107979110488678,230,4.017008621922145,0
94.00946457308306,6.7458398467636025,108,1.3784031646835022,1
116.68394020687177,7.860600516592855,252,6.3841398386670685,1
85.35899466999125,10.168367677344992,141,8.693380476929692,1
106.86047229124149,7.633636189980793,273,4.43416949042966,1
80.17438319826321,7.098646772791212,172,7.660323504857593,0
116.98604421620723,10.990993251027525,183,6.64930372240666,1
84.50016532952365,5.889295227550239,158,4.380838619437007,1
83.79536920590299,5.5816775872092474,120,2.2695381954306737,0
93.32030532208977,8.722452951860713,249,7.383914674983706,1
94.94265144156323,12.206644545078623,256,8.691086520471163,1
88.57200289291515,10.54806758273948,162,7.172690431613427,1
103.40486643708499,9.228764684667787,172,1.1609063563133626,1
97.71656392167854,10.657515642245823,160,2.9460960495189212,0
81.36702356164349,8.654514846532736,163,1.6253198639517872,1
92.78608249021202,14.36146335432113,168,6.133474896186041,1
112.41731654292681,5.549048909107743,267,7.808299109563712,1
107.58806139447475,11.733914790298352,228,1.995212683617935,1
108.99483414319522,13.912826648277505,205,8.545040385340467,1
107.92467696334094,13.038847087352535,164,5.999580805559349,0
92.43892085532133,6.840410348214467,221,7.209721109275524,1
83.98655688307103,7.959263489802884,161,9.742616637477816,1
90.89868736132384,12.170479387071047,281,1.7531288942292758,0
113.27141200740637,5.842705591807656,202,9.111016206800103,1
119.21883191132284,13.118616998325841,159,2.134924263886684,1
99.75388058966246,12.189069446047903,145,4.53662925973014,1
80.38801419692169,12.296066492353425,104,8.66294826698003,1
85.60179248536916,6.002413702675914,212,9.156288130640814,1
92.88322301265063,12.177605448162309,249,5.557345061906308,1
103.14341394371799,11.7981812521997,280,6.346941744478826,1
83.00374583221256,13.309224908218505,169,7.3733260113870145,1
117.73429194839527,5.415959562564695,259,8.494828016074427,1
94.60334693137602,5.231106684677922,110,2.0936005258389954,1
116.50336871699292,8.730070998785607,237,8.290623774063048,1
111.22087211028088,6.487882838491529,266,5.331485354604551,1
110.21749090062325,10.583844775702218,197,5.055610825973521,1
104.26878319128929,14.173489015067489,130,4.8150977679729845,1
105.07135268207378,8.914797303340158,111,5.582904267214383,1
105.52012940864992,13.449503772726041,207,9.505454980551432,1
105.14885548102328,5.0024087451786645,179,5.933833955129364,1
102.14912925593445,6.685146434591842,265,9.578597844368254,1
119.45656073931556,5.304235396540856,166,2.622611175540765,1
109.29162269702785,8.281471805150687,293,7.517223809493698,1
111.07785553570085,14.081895956965027,151,8.310155847478725,1
114.89851260334697,5.969521235989878,232,7.112159482013757,1
88.62559050903397,11.064097767438003,238,6.462300522038864,1
83.35216636380243,9.514959391194441,124,6.08331502977564,1
99.31577746394395,14.384682123658125,134,8.748374343208264,0
100.56322782477093,6.225191425370938,262,8.394819374480502,1
113.16727119799671,7.12027850502229,121,2.1005984906253956,1
97.75134317129343,5.295419686114933,264,8.637288913277903,1
102.83412102177252,9.339352496313737,282,4.726617574963982,1
101.08283754053834,7.778328995646543,195,3.283271469962297,1
81.52811135029565,13.69905933890321,216,8.827917112125334,1
104.60859586387656,11.04940813197755,299,4.888223196703675,0
113.12173143097009,11.140907379757017,291,8.27528221159135,1
86.30002192303215,10.319106968813024,119,3.3706325076026005,0
103.77326935706384,5.91850337229201,205,1.0353638927999602,1
103.74442177785657,9.450186837253552,103,5.4591327361265,1
86.56739856225435,14.995051897085165,117,1.9020543097859584,1
84.93854294922944,13.352292908460148,150,7.789383599724187,1
119.20207771905939,13.93459054167116,295,3.4846762246246934,0
95.74876678612151,13.232263592464994,119,4.992810819431309,0
89.09686914894117,6.030416934309827,221,1.7833020858239883,1
86.85298177817499,7.2744825406479965,236,3.579933236025274,1
106.7040685433294,5.031216513564097,179,8.033412189327148,1
104.37781189309115,8.035101248781114,253,2.3642912071208753,1
105.7420849194967,6.086074023464926,201,6.824436050142617,1
83.5202411004581,9.72793345301583,124,9.25683267524051,1
115.74138333993747,11.771274885739018,295,7.118530837819483,1
95.57065587236193,13.74505295038077,268,8.299195203630042,1
92.53477625721432,12.492171650908983,158,1.9807446637352422,0
98.49445788990957,14.385855957785052,144,3.25658643401849,0
95.60264262990513,5.538982903937888,140,9.05084967016532,0
114.54308012556584,5.121798354165414,137,7.435950522562803,1
117.17043900791569,11.613381138362126,216,6.7559844373958,1
92.13812865798425,7.893524102222463,118,6.9739006250953,1
114.5574322983982,7.535010161057731,113,4.727804988741791,1
111.26092518132268,8.308870876937942,226,1.401009684558879,1
117.23230689379048,7.697960578923642,248,8.059973878636562,1
89.83001248743551,10.114364063015874,242,7.108419125938185,1
103.07836600483917,9.401484472241325,102,5.255240177014523,1
90.98178338961779,10.124285513766562,136,9.097836538314317,0
112.96377961937498,11.727136115004361,216,4.025436984865889,1
80.21296762284257,8.871305089711484,273,3.648895698081123,1
102.59276651545585,7.513076871421568,115,8.855166925714986,1
93.56813725087672,6.6620053680874545,241,8.17288889283087,1
92.90734828311281,8.494741195326256,108,5.634818295835103,0
105.79625295459668,12.41806475246172,106,2.1766126551206497,1
114.05937797255976,12.567049101114696,241,2.935643243185472,1
104.36781565573305,11.669053866842102,233,6.90605191367926,1
114.1269191458689,7.340281753068746,114,4.465371140563705,1
90.5838844752412,10.880862458546977,279,8.52825872499374,1
100.78007419059924,10.70689661576848,171,9.549595083989837,1
98.02146156268304,9.842661981097255,261,8.250732327474264,1
80.46579598012384,10.499789863838643,203,4.3979088069600145,0
102.27248572562961,9.91790632623668,228,8.098177863082817,1
106.46097296584699,10.654563660741083,195,4.162975061236152,0
103.67657617676281,12.155059546211287,221,2.503900789890705,0
109.45119595133686,6.096281944034398,214,1.3005388437927166,1
102.85358113812308,12.496257521490238,296,4.47145041484918,0
82.67001019403028,6.358861501275942,247,9.132033733275536,1
84.65782096338846,5.666279984103747,179,3.1508792898010887,1
103.8589831017581,14.760796862214676,106,2.8586184843680558,1
90.99916767894561,14.569917688704415,234,9.728387067169363,1
83.18580516139063,5.60436544940564,149,1.225037015655329,0
97.18410973794187,9.432534414749622,229,8.07203935354379,1
102.17290392334621,6.862449382997747,146,3.892329601667833,1
93.14983953398426,9.85344897134418,113,1.337391611826934,1
108.81734808903111,13.301772429995873,130,9.260222861886252,1
105.75082432404979,14.506117747428902,149,2.2567809718862524,0
93.31273444366688,11.342526534515374,288,5.966013553531258,1
110.19490115634242,8.539056672118171,140,3.46648786686593,1
105.94780170132142,11.033255656445984,113,1.5867352196622193,0
105.49781514871609,8.120013061084503,232,1.4493023709704118,1
102.13710803148273,14.098236408320604,104,2.040010289527049,1
80.45558672354211,13.70400463105837,291,1.6423031250044204,1
107.86028733907557,10.58231750279661,256,7.845023039679306,1
95.04167164436626,8.247989153803605,104,5.370095820550863,0
117.70438840634623,7.9338967558297835,212,4.086028822140817,1
112.7193908430882,5.334179947050595,217,4.7653201911880645,1
103.50777878125248,13.158208510252953,195,9.36052062015361,1
90.08727927277077,9.50383213039008,135,9.196766314643325,1
88.14869573110667,8.251329284002644,178,7.441088321103192,1
93.61539350710197,9.711103549977539,118,8.96214139679519,1
99.06271774320075,13.18737990454652,291,3.876832248288623,0
91.84262040155788,6.246142077075212,121,4.429983934074546,1
100.59717981569932,13.576559882418273,261,6.5234096366880525,1
86.61481702052744,13.97508835108354,155,6.612633525675378,0
119.10851251302,14.467079150338883,116,5.335298542111069,1
84.31698219859976,8.974879924226277,283,4.60592063594158,0
117.27776558617488,7.171404040376719,116,9.875622804478256,1
116.5431204561078,8.736408184666985,245,8.39011263505952,1
101.01441927277992,8.329120962314033,272,4.914821780992407,1
108.99641087344338,6.761539125028601,177,7.545632295156116,0
97.44193191890352,11.07266670101488,155,3.4260552392721353,1
105.20138310169753,9.76624160508629,179,1.9015239361359688,1
93.62303749684474,13.657009923240036,149,4.171879229974666,1
92.04636079141781,5.321095804820582,157,4.626755201110548,1
103.12919144678055,11.438679275551262,117,1.148834121046037,0
99.92518696735921,12.629488785115612,234,8.333128014723064,0
103.18145476599923,12.59486569188307,175,4.232740621502634,1
91.46642325148092,13.860739670955251,109,6.223763492021323,1
94.67831327267982,12.29033742829494,168,1.6656686854386038,1
83.35591842515637,14.278100616476962,184,2.5749714587552557,1
82.09105489088823,8.326565998208915,230,9.00724352794804,1
90.13828518692065,10.032094167515432,182,6.478187750945207,1
82.96987437322183,5.1407966328289065,208,9.55255645153437,1
84.15098834538964,5.069575873032912,143,9.988750309521853,1
112.51713621575749,7.401266204515199,297,4.34674103799785,1
81.55494788066757,6.008071971390852,241,3.6892275767494715,0
106.35771175738971,7.602113679357537,231,8.725204496431871,1
90.90230995261602,6.770432945283974,117,9.987502843337088,0
114.86182722832505,5.285200248386483,192,6.6667711080921155,1
99.39969138309998,14.093041464060494,279,8.156266502603701,1
92.22305837311303,5.082231313888915,137,8.03571272933747,1
100.70555742757739,12.360821443370854,247,4.198057373975923,1
95.27832076181076,6.521478869195166,271,6.168433422313785,0
102.5720425867932,14.122296219996,150,8.497512471377922,0
84.58131473305393,13.927959395898858,118,7.193024886349499,1
119.87962011250204,11.539011463692574,219,1.1904743258383443,1
97.02223510786871,11.722341498006053,167,4.030351020077802,1
93.92922558829474,5.053391419696886,165,2.3002812693514483,1
108.4083939326506,14.848715661136021,240,3.0967499087023516,1
94.55597625981329,13.778326035758145,289,9.14940529742193,1
113.3309722011503,13.95106225730092,288,1.3320396001969135,1
98.170828974417,11.59244537050872,257,2.978206407657314,0
108.7823365306174,8.447869286545366,197,3.786124170144083,1
84.29812865767546,13.936486490904809,257,6.551956647697553,1
113.84476742220447,7.915169281511924,278,5.8069152107727895,1
109.4287194711244,10.627115433422029,187,2.9644253456804748,1
88.46867113847863,5.997309723438824,275,2.4781696050083903,0
85.81144038983146,14.219556301327502,132,3.131182311365069,0
92.65169394902497,6.407704577712133,204,5.5227666403149005,1
119.04282344127617,7.248968057304072,173,3.440600071400831,1
90.27326298268234,10.58134158128215,181,9.528422514469499,1
98.24508835786533,12.640930002129815,118,5.174786992859628,0
81.20080902869346,11.193513059362989,170,1.5291641489017336,0
95.8891011826493,7.321339128001561,156,7.563397652529701,1
102.8528006173241,5.009430425274903,246,3.9596075938809063,1
118.1249845003186,12.571505803074391,178,6.881400388524228,1
100.66944179760257,14.852073259110938,268,3.516349334709088,1
112.76429304710751,13.099131203060905,141,6.136693675599879,0
101.88510570275602,9.602066181566153,279,7.949372543267182,1
81.63140053742072,14.037672613991067,215,9.352078675970986,0
92.60033100759097,9.0984767311835,103,3.3501442998976936,0
103.02198031324413,10.249340842434675,103,4.0137125589908305,0
118.02375863724498,9.771297673956832,104,5.178397782573457,1
114.36521439004933,9.47623872665525,140,9.3445735396239,1
89.13422456715391,12.751907692939056,207,9.112481711295914,0
88.80439320076654,10.267689072694921,186,1.8089045209057422,1
88.04691868455603,8.167171220252161,203,2.1873684317842974,1
116.89995585210013,7.581581676584783,216,5.4595825959757445,1
114.10664612406882,5.377473169674333,200,1.9595734552488113,1
110.99533729011796,10.831951618830459,288,4.110227860138277,0
95.7094045689691,7.299614154010342,174,2.335468403957299,1
100.17522817195066,6.4813392201638305,282,6.724363196186973,1
98.57326979180611,11.538299638276776,174,9.545458885652456,1
90.1359243023749,11.812092578215488,112,9.970603932649434,0
100.20112184595068,12.52154892257666,241,4.377170192472233,1
81.21986191411018,10.035768963385916,287,6.39111373403151,1
85.27241493989837,13.940546052038865,299,8.706408881716731,1
115.46358384675786,14.363427533982279,124,2.0571586551674557,1
110.06719068125693,13.073709397924894,214,7.206079699467685,1
96.91473636236348,11.355934820081872,271,4.679592955525614,1
100.68601449135508,8.037209535911886,181,2.855315442521477,1
94.7999554383991,14.829449216202212,109,4.624782568726978,1
109.6311946864269,7.741361671919384,298,1.6836425826842518,1
111.36748716928318,7.02656921990431,149,7.258664337303752,1
110.53140760812636,9.421541137865827,271,3.2746840187360777,1
108.90446899337798,5.568405707123885,241,3.802650805403902,1
88.18017354771183,14.784944646717907,114,2.089731684173165,1
93.51879916961914,10.884335564164248,115,8.781932025009025,1
98.793817399347,10.569520916641753,101,5.440998513544647,0
93.23171965710623,11.557962798997199,257,6.149321900077602,0
110.19760800633316,9.970236477772065,129,6.124894147853691,1
93.17414096999819,5.320635170945415,181,4.6944380308720755,0
85.52928347141349,11.123112888403968,130,2.732769238943255,0
95.96161808193216,12.161738769564305,176,7.7061947364856,0
119.19657731129521,9.16749060624053,247,2.143506388219069,1
89.03525651734304,12.57295572071193,276,1.9348641125092945,1
104.48634635772916,7.270012993384206,213,7.3913053383685305,1
97.31892199358825,7.21276591066184,134,2.8795331840678546,1
82.84098270597306,6.6141698768757395,122,3.760954762175491,0
99.51506423992238,8.719947597891618,205,5.2770472030156625,1
108.0865731459325,13.470120353890835,196,5.044161850565915,1
100.52879903311275,13.279120621490643,214,7.377212125584993,1
114.88424254986325,8.828242079635038,199,6.610886140990249,1
91.5574806663033,10.891187359802366,288,6.799565460536791,1
83.4499668521586,12.208163164749156,154,7.426488975899116,0
117.46262446632025,7.41206774628023,294,3.6335145468111882,1
95.12785398112877,6.681410858947471,107,3.900999806204263,0
103.05622205814534,14.72095993212311,267,4.941979731059988,1
111.68012504520783,11.175573132096185,158,3.767159557301735,1
92.97254655502323,14.81415721833664,227,9.864440820737771,1
108.64658152710444,8.37755987132229,131,8.326467337792867,1
85.41675399271313,12.030316999741315,192,2.481892194304266,1
91.65174988822021,7.226036365412377,106,1.0503474029368256,1
85.7884254454608,7.612001712739129,101,1.3850494142254108,0
112.4492223360543,10.11902121269624,184,3.1965710593863275,1
88.90596940907142,8.196181255080713,233,2.028621572531709,1
108.69614221620841,6.676215638405845,205,5.800043034033149,1
117.7319358898261,7.6288070198932605,135,8.721957004546228,1
101.11088836275508,5.357483944658647,259,7.630751988219046,1
101.6011676904275,12.044236214774866,144,2.9404815677397136,1
98.44134272391248,9.921166570858617,141,4.5936933042320724,0
93.0356057357457,5.942430664045256,152,5.571047885781499,0
99.02620123699668,6.716939931284912,209,8.29185264553002,1
104.11230129067037,6.02534538112644,108,8.552094427955483,1
119.43966288682637,11.125928082758765,186,9.187464807169984,1
117.51058237272898,5.942103636124938,213,5.583207254525877,1
114.48611833172487,12.54282333035216,174,7.248472717922766,1
115.56522142819433,5.205109193203912,276,2.0062033411054343,1
98.71396733168172,7.493757879958921,229,6.087600639585839,1
106.29777308709859,13.906666758919071,294,3.238226285240216,0
115.80266891744856,12.18531318122246,110,4.8854519652395,0
95.71803059965413,5.729683329256877,149,6.706454574760475,1
118.47049913381875,13.211261044851797,262,3.31287344068403,0
96.63144248276731,9.930351215402048,221,1.4696655201708497,0
104.04330661572862,13.467830271688292,242,1.0921047076788177,1
108.39218853089488,11.007397744503933,174,1.1994358199006938,1
118.02368052303754,11.818330320328588,130,1.0751476376239268,0
89.78465096209064,14.935015603957082,191,1.9931955090208793,0
109.84523912954569,7.323355459240181,289,3.155398431131169,1
100.83262344576329,11.239455747613883,255,2.9909936276406928,1
90.74228562482564,9.603213900573984,252,9.881169347619071,1
111.06427359185562,5.394519529226915,191,3.754054946880489,1
102.08889120695386,5.144706415028651,252,2.146787050234592,1
106.43895282598703,6.1922857781785865,174,5.910062897509822,0
92.91604274311604,11.490917405385481,191,8.721617098577575,0
99.2509580731042,10.671630879133922,228,7.1025433910890765,1
104.69417003952267,10.534295611637274,286,3.664738802219053,0
96.19643257079376,5.318567625282601,296,6.054545438123094,0
87.93490159390805,9.69302996360007,141,7.433703767803682,1
118.46561969261217,14.246228178425286,209,7.552940431309681,1
100.45870160170469,8.975918693106467,261,6.998846097679199,1
109.35681481150802,11.249224697884564,293,8.837293822980563,1
96.44188774224233,12.798186756231436,117,8.83094912509694,1
94.20527056102866,12.839252791418875,176,6.210429034663029,0
96.286571938685,10.192800823952712,232,4.86870732200091,1
96.367865751426,13.579519454023362,119,6.774132660085899,1
101.76720463767815,8.913780933637469,293,8.363908012334168,1
101.73879479925452,13.886932147847983,226,1.0508689435706624,1
99.88615263531486,7.402271663955453,174,9.92797308113366,0
85.39143139669753,7.802164069905711,161,2.646043950962793,0
99.84301914002124,5.531206241990011,131,5.232240870939786,1
86.76415601682606,12.955818365422829,285,8.8482676135858,0
85.04543145183061,9.170552362327056,277,3.0253635913977943,0
117.3058286936467,7.29116613911399,265,5.291157015103449,1
104.19800052590817,7.317902776165797,282,2.1932396216306125,1
106.37960232498337,14.013999412292332,127,4.555686928493733,1
96.07174681333456,13.33916600461037,173,2.594219093137023,1
116.35923567659457,10.535308853571834,180,4.272649738940413,1
105.51721958318662,11.16110800415721,121,4.361177951134498,0
110.7667947809435,9.74325570550291,270,9.938537106384995,1
94.74249876110855,8.91666542878809,263,9.95331726373395,0
118.40047523276502,14.154768812183315,195,2.0330765079455118,0
112.8184516063326,6.25612703520302,221,7.5337190139551256,1
114.15793852058175,9.184467897162278,222,1.4657093170219104,1
86.88777069703018,8.445619079878753,151,1.2717281380346976,1
90.83852831484879,9.981507202511484,263,1.9480050482046787,1
91.42506398734308,9.57631874545175,255,9.689370913071405,1
90.83636892987485,10.188895316510814,177,9.467771931052276,1
114.21632648417152,6.399189772269941,285,2.745350382526124,1
81.27539180834368,10.13141501513277,263,2.4550510199834035,1
83.04399955923097,7.4241881388721085,169,3.164815778643523,1
90.95659482519615,6.843313489881913,236,5.639922946676279,1
87.99491898597775,5.648342187861912,120,6.127341688318689,0
89.27438455531393,12.62652558756141,163,2.994340873955026,0
111.917727570132,9.2744192085656,175,7.809605092809507,1
102.52506375568188,11.266436833117584,160,3.785978524623857,1
80.23082645171871,12.275933433047435,194,9.299181929764693,1
97.17291062816781,11.793166653135536,139,6.910504358110575,1
96.31539707401436,9.705007190896822,283,4.927160748732505,1
84.55781077778174,8.8789852895173,103,8.109208015325608,0
107.04567154405828,8.759599096406637,130,8.361231634419983,0
108.08388753517964,11.400487969300563,254,3.614334450480493,1
108.8357287620839,9.947943549418735,285,4.057430894524759,1
109.13883782234367,13.491322479885106,252,9.423596383557431,1
80.00211307729187,13.747019843267122,168,2.4826693452694473,1
118.15683215386889,6.705603780065185,169,1.379353752666408,1
112.56835068218652,6.362336515457256,104,5.0864979034859426,1
116.15926786357142,11.304009260359996,214,8.21088910219266,1
80.62573181229736,8.012257480622793,190,7.945012956796712,1
117.35435183142957,5.185707187650989,107,9.275775660215492,1
112.39154114752418,13.88642669362955,108,5.798805979321362,1
113.48876571834793,7.269007672438082,114,1.9005820440987997,1
83.73149538887874,14.292806516858091,204,6.298200769024144,0
109.5511211567439,12.174344508782536,106,8.005560529178904,1
118.39666758568364,12.626534899114843,171,1.8399530824284376,1
107.14189365672642,7.014614957931604,214,2.553916609878308,1
102.82245618498426,7.341944256168129,114,1.110615950401038,1
117.82518710995987,10.212677538240658,264,6.342873215021293,1
97.71748486937744,6.720998526498621,182,8.98060952751314,1
103.97174265241915,8.054316926830323,138,7.035969844018895,1
99.05353173977466,8.214624779478044,233,9.838360788318838,1
117.31384885441196,6.596299332527641,156,1.5673028724978542,1
83.0433890706203,7.051828333951607,191,9.127009766363466,0
100.04478803301393,12.885518420082565,180,8.326614586480126,0
107.47809765541753,6.671958545472684,246,3.8281736844955443,1
111.67626153688948,5.284573918439225,226,9.761738966535265,1
103.32074589776545,11.293549426289385,290,3.5914397335427353,1
116.35670976485815,14.7598311939245,258,9.003742514453966,1
117.67965787535488,8.312138146231213,174,8.926737193667705,1
82.57276892774334,6.186557031962523,178,7.818918549426752,1
96.09482158165497,10.703873253675308,109,6.071234264315667,1
80.93836086884617,14.063542110956462,206,2.0800247465519925,1
93.17666629497772,12.840617798284788,186,5.787745610468484,0
101.47472871882408,11.225158684127159,166,4.211166300894411,0
116.43179722039795,8.150564966075994,161,8.129953298398165,1
113.86217289861611,10.4188017327622,230,7.823162858471604,1
85.09998906687943,5.912448413042553,245,9.195512566353447,1
83.72121498963583,11.789454242806698,252,1.133471461885371,0
103.57069355026668,12.250960188976508,206,8.281928951407416,1
101.28471889835131,14.650316229099188,247,9.446158478122019,1
90.65510565720095,7.603973587450716,285,8.103704041973351,1
115.9781233821534,5.184564190430226,192,2.1717501388333003,1
117.09465637846213,10.456084644271506,185,1.7315119435679898,1
96.1044575336065,12.067905043968144,277,1.1876071582693073,1
115.61210228454081,12.90407475882988,220,6.658707032452639,1
95.35795577051891,6.937389330248106,178,6.667053866738986,0
109.47267327318801,7.617528690370237,109,9.882223427963911,1
99.03768870190896,10.125909252672963,248,4.582388566936862,0
84.90332626028732,8.30600809970002,128,3.9871565640774707,1
117.11736804948086,13.60511486587445,195,6.619824344659532,1
98.16386373510147,9.737601537387203,109,8.430478052568345,0
109.37948161289614,12.99578644102003,112,9.430965545707016,1
94.68695257725169,10.806197604823538,146,8.228117495611347,0
80.75523514304939,12.73090141617112,250,4.840065825542243,0
84.02121434767344,8.326729865303239,149,6.714228117808577,1
99.84877917959697,13.314166219303111,231,8.706693940445053,1
107.5985742850545,7.745723155510216,215,5.415487194805655,1
93.38941306317116,10.460988080032909,212,2.9501797933485343,0
107.81953836710602,7.140071131738742,294,2.5275109577308568,1
107.94542357727823,9.755265216261932,184,1.0014197012025106,1
108.15743629311324,8.181752095087031,152,7.464141954831558,1
99.70087416082033,7.667034306372143,229,1.9998748796139145,1
116.59544600486015,14.669850180280374,167,3.1945518972634637,1
99.56786071922463,6.6007410548673064,292,3.68088698370514,1
98.01060773986552,12.873258374573952,178,6.043418741230915,0
87.97523276042509,14.841649594832148,156,4.581615495661923,0
92.30620349425345,5.199014837400778,196,7.072065928208456,0
81.69337970073214,11.99027414042095,297,1.5007479339583245,1
105.3414117446468,7.529118055562871,234,2.115452748379955,1
89.94142975708371,5.4048782432830444,246,5.4929035317994,0
92.1662101794186,9.028895789566308,271,4.032683090621468,1
110.83258086657284,14.35217810170875,162,3.6623202647622373,1
93.08884732645815,5.117650943669977,164,1.6032527113377046,1
89.6878356805257,10.878856919297817,138,9.061472572732013,0
86.76230996534824,10.013964785953243,208,7.226367275125456,0
110.99433608727824,13.733841643710475,125,2.0945634113768445,1
85.18825031960108,5.840017145206256,271,1.5854136196342656,0
98.15015041001413,11.815260298866503,111,9.773852800881187,1
100.27720464308777,11.801096984332773,249,7.130552953955544,1
107.49559650742859,11.690800168622832,176,4.757104639843673,0
105.33133929331981,14.42334494935037,241,7.315579366802064,0
112.42882691780699,13.230875290068804,185,7.806986078321431,1
81.79005735704952,5.41972726243506,129,8.019659821499014,1
91.85762899117589,9.710828507045132,271,5.300895750877519,0
91.2053647510152,8.979530562013334,265,4.868944823123632,0
85.84067622368433,8.101472210908021,286,1.099252758420103,0
91.56713015425773,9.513367251540974,269,9.339014036276541,1
92.39061256571614,8.841941849259776,151,6.4297709055004875,0
100.87537847709913,9.323338998786653,162,2.828385434709713,0
106.54817915705024,14.792618656086425,288,9.27643077479293,1
95.24402054447256,5.886329747495807,219,9.234387115932668,0
108.77880925253524,14.222308698387298,204,9.902657479294863,1
93.4466135431832,9.802367134710266,261,8.86650906825081,1
91.61134709259042,11.23742245499541,138,9.980059490380583,0
101.64752223428097,13.301829666176939,140,3.2021756931094534,1
80.94865441223162,8.604630291492555,220,8.580246266793107,1
83.19156494536001,9.304219080879669,207,8.407254779161882,0
96.71878174346108,9.09518480278714,264,3.0784632329866035,1
117.71650845567027,8.747310225357598,164,1.885937941008917,1
108.86047119373694,14.25529321646895,217,9.814784623098397,0
83.52506278002231,13.289298911930121,178,3.6642209636854934,1
113.85272051123495,6.089999898629761,259,8.838026114210255,1
109.29203082432724,6.08123352477096,107,1.037144392071435,1
104.43786102810613,9.278695148529913,196,1.1892232649764198,1
112.81171842436709,5.986573767328091,117,5.192841778267315,1
96.16439390971829,11.190930952711197,272,3.148432155415572,0
88.8600420341541,6.436916072617339,195,7.208571550923678,1
100.48093556435037,10.223732639668011,132,6.090078930111589,0
101.95367022373895,5.0721994700371775,104,1.697372177054423,1
101.53305488039649,8.165963484126468,226,2.4636546668414536,1
102.60295165920421,11.771907236726555,173,4.492443430525729,0
117.94819672956723,9.840389402278484,225,2.6704365755988984,1
116.08982492384925,14.782694859989881,263,8.130001125195356,1
115.02868146235758,13.741037960662108,250,4.744632119979521,1
112.05667243634508,8.590707790431512,267,1.8408868015824935,1
117.7371242906114,5.454865414722746,104,5.359086120449124,1
83.93978566717612,13.456263001150187,133,1.8175436295527274,1
90.60493045782958,14.112343103146713,123,2.1604357487783545,0
99.80223782618339,13.206273934190367,244,3.1564884882538475,1
113.8613797249362,6.279499409197649,194,8.735749347227408,1
100.2066284609093,14.979151344122878,170,9.321512790996747,1
109.92138957366355,7.585842215527738,191,8.436319563988622,1
85.55839620995665,12.2420491280837,224,4.006694956760625,1
90.09655251906241,14.080348763357215,121,3.452017969979485,1
109.27104380150689,7.356871143307094,114,5.9424012171121525,1
86.58936035550896,14.08258554677066,200,7.496678444798011,1
94.05423738619707,8.094815791948669,114,9.940355093441573,1
90.59465031254285,14.764132223840562,252,2.184136406910336,0
93.99446776889914,7.812600203804746,152,1.4436279912142398,0
108.3329619631188,14.534358247578352,248,7.249203000957439,1
94.71388724571204,5.535446508926749,201,8.490032051535149,1
102.2105329043176,12.09272011669813,293,8.617139018797808,1
83.99727508217639,10.321111338370038,212,7.106171941694446,0
112.20070772938512,9.778770771227308,131,9.586142237072684,1
94.795545025925,7.2349431425584,120,5.599042871901283,1
105.9413663613337,12.05595789776492,295,9.224333185025912,0
109.01558406647331,6.908094914463071,271,9.710309232923708,1
88.38643688446801,10.528417959847683,182,8.62441711302797,1
115.386999398134,7.532453630402508,293,3.7878270693275855,1
104.64897006427812,14.55621379781356,113,2.765940860532657,1
97.14900567005927,5.286311938356528,114,5.9330805848363655,1
87.29340734312878,6.997282801112366,247,5.077132753421696,1
117.69203751604826,7.423106063874477,133,8.899825079734597,1
110.202728165265,9.140678257678164,263,1.9002850396043836,1
88.32098250932995,7.327302418700535,182,3.3196605518036675,0
93.50843098896898,9.913490902687853,108,7.766190500668377,1
112.38697032352293,13.72465523258539,298,1.854879804795809,1
107.82710652861356,12.120634214091709,257,3.8868797261953016,0
110.63137170862898,10.79961980535111,176,4.484398546485848,0
97.6480440885173,5.8900317798267965,290,6.60334416906421,1
108.65905050568668,11.939921083892756,262,2.423193811474281,0
95.45974891455654,6.664142843109398,240,8.745440413147385,1
88.45051667752786,12.86367385961698,273,5.027880119196468,1
105.3070813936544,7.500567585101532,283,9.253195406925009,1
119.04055702395178,9.17048728320901,108,5.210829222705384,1
92.42403885581318,8.504702023179279,135,3.4753623304666004,0
98.43878368850159,13.588139146748567,216,2.276459458189074,1
106.96005484279414,6.265444587134081,102,1.0337058524015634,1
101.66025128489952,10.656448823847885,118,5.789417364863521,1
113.73711182836198,6.420616094430622,255,1.964410272342311,0
110.46970825878063,12.047958361321866,122,4.525549872680604,1
82.33188815449428,14.050781277944811,203,6.30344585113378,0
119.93684935695096,9.346076538672534,234,3.4811730721243026,0
110.0960981487787,9.880922602649758,204,2.5770186312950374,1
114.55613265176453,14.274228364827623,241,7.9724946034840745,1
106.04790848381386,10.20991388649357,145,9.521120550534585,1
114.25140512187049,9.87598438049561,242,1.903963760757694,0
84.49531899714837,10.783291027043042,294,2.4003129194650707,1
93.90951342237263,11.89229736362952,114,9.640113915274467,1
115.05683774417972,6.068833750870314,150,1.3400579963102164,1
88.06620845067569,13.211105277415161,209,9.79869102895425,1
83.12968394320092,9.355050274532593,107,1.041800347764899,0
111.52475759780876,5.723485098974855,168,8.863017900861982,1
113.41944622573185,12.861826691982131,289,3.765926628889746,0
86.50608872759602,8.769499716862722,278,9.44729972359567,1
114.17383931130863,6.00367495095054,162,3.852507597720269,1
107.47071182388679,11.337790395432506,167,6.888756893806504,0
100.80330732866335,13.801313534336417,243,1.72029312789343,1
113.2100077112554,13.877535094139864,251,3.180968303083651,0
96.76996997275863,14.576634748089731,105,7.963114118313257,1
87.7597582489359,13.67705459766688,218,5.758172683109377,1
91.39410706442455,5.021409193454752,156,9.351721556083403,0
100.2065607317326,8.802411664133903,130,4.858762675072189,0
101.25323170692702,13.18542579905503,105,8.828311292325306,0
112.22323305764934,8.662530059984743,256,5.0405989373041376,1
111.65410894609337,11.015485063797062,166,9.813234508317867,1
103.254662288183,11.06316947374532,230,9.638509432589892,1
111.23141933461906,8.65025304038823,255,3.962230350004723,1
87.67093833174684,14.044739272812876,173,8.973313033751229,0
82.00258108373177,10.032283453861176,213,8.628502367940843,1
114.945352905388,9.647842059375009,196,2.8961235759480655,0
83.02217975051079,14.97513745661896,275,6.6186136070494275,1
89.86753718975989,9.935003640726165,179,1.6541408403083337,0
107.81275798497538,6.783982519285811,222,8.530396485251154,1
96.37791750509237,10.13069422863438,237,2.5709129515314686,1
115.05255879662036,13.140167355199301,132,1.6373323124718806,0
91.91919178649079,12.768603268982815,294,4.601971859849301,1
80.47485386677437,12.885817651084711,296,6.192299247396791,0
92.02622562242976,12.080237839979118,239,8.69425262703794,0
103.12300196739326,7.542178290666882,284,9.768182729695628,1
95.03753501613173,13.620840858402314,143,4.955432613128773,1
101.3949102303502,13.93443465376265,112,1.544022306867432,1
115.06392475340076,6.94152696618549,251,7.742040211232836,1
116.49940216921473,6.304556365513939,271,6.086559306015437,1
90.63896258616448,14.75604968589112,156,5.0310221036001685,1
98.48561893079602,13.683239636503679,195,3.783419909129707,1
101.96576060965805,13.932361472099467,243,5.521586750591821,1
117.96449827552988,13.863763846243952,208,4.0481164401132785,1
119.94469276657539,10.416868240337283,219,7.813106809726243,1
89.41628995366106,11.464017366657997,199,5.89504326843377,1
109.07919485383262,10.453628521336416,248,8.891629967387008,1
95.12124248932781,5.512063491903291,210,5.891895231844979,1
80.32432787544853,12.455030853527727,150,3.1443617200593703,1
80.37010089743609,10.053320333358803,120,8.6598269400893,1
98.42264030249024,11.477090747902299,159,6.014971404370395,0
99.53339652017338,10.026398049755354,278,2.861569343292051,0
80.9027878629377,9.918113223224559,120,6.611570289605999,1
107.4770966709721,6.717891094777668,206,4.219450884481848,1
91.76013554379813,7.787137151411489,225,8.599650510628592,0
102.39572406143797,6.588526919439558,233,5.079697647818885,1
92.03676292661675,6.956662956253425,172,7.537972222966751,1
86.68537259477229,14.729773804203049,292,1.8598258687261344,0
96.28694954395502,6.5311344577219845,175,4.564219116721116,1
89.29093459162003,7.692704243052076,285,9.849172928251589,1
101.39203907676672,10.90589657738585,177,8.276142605294336,0
87.9531412114592,11.101785762366418,233,2.439467221302358,1
100.33623906578508,6.53974129743829,164,3.4998764452952957,0
86.2951405947547,12.937174257852124,185,3.9683422797072496,1
106.8389883794314,12.85202867912825,133,6.853290044459011,0
110.15750737765697,7.373177042038911,155,7.8129528354069,1
84.41576936999735,7.886663026754604,174,7.745739479271188,1
98.71209648149357,14.37987865459497,102,5.5888665067576255,1
82.83486802619494,13.25671445979478,269,8.297384840543362,1
103.9272978216801,11.977970330625238,289,4.933702744817276,1
90.57617191718582,5.822332215106005,105,2.1149250876600574,0
101.10497827354831,9.182640809025758,105,6.07997657488432,1
100.69844037537165,10.59301872076827,290,9.57071246140996,1
116.97417384775201,6.874112879837769,247,8.136942862532603,1
101.96332890274891,9.482265821082246,248,6.208305829230182,1
103.31993918873263,11.0102587748869,101,6.821250943141872,0
96.06612503057521,8.273766801153993,189,9.375058243320154,1
117.96318412731267,12.809448189504872,155,4.855085149914644,0
111.08743637758438,13.404495816388055,195,3.9825472504837363,0
91.41621161211367,8.236094694340707,109,9.79517408500404,1
113.76838343104927,13.386571544924571,186,8.770988201593001,0
97.2958544074036,6.03576566103015,169,3.9073922615674217,0
113.14668574134376,13.377290986226564,250,5.174025376248306,1
112.91552273174008,6.527504316676166,212,4.735703161070191,1
87.55480747051418,5.82927152509726,129,2.341861108042905,1
108.04564525534308,11.417754044410113,227,9.620373914319332,1
91.62571877226125,9.719373657552943,177,4.638811880977829,0
91.89970679970673,14.078906004128328,264,8.87796174374117,1
91.85392307522324,8.631891960908492,154,2.7042060491259856,0
109.02272990239793,7.871522634376287,148,5.930837295734978,1
89.19304167170145,10.007349061441984,133,1.2156524661184283,0
80.0362334098436,9.559461857686614,204,7.877984354580777,0
108.60947413930532,8.444280462171882,271,6.228225084216505,1
86.84738975340501,11.937412986983286,121,6.630306251227774,1
84.17929581231338,12.595618339139083,130,1.465487942991881,1
89.5006448237624,13.529839690301365,234,2.8993449718775386,0
95.19602089290817,14.728566047103428,204,1.6689778511822215,1
99.03625309892803,7.666561921325044,248,3.600228842234306,1
81.78280162850524,12.160934824899616,115,6.646951069139359,1
118.82293330509441,8.942582354957452,119,6.095673858856377,0
108.64252213678233,11.770819719511081,142,6.509348394520512,0
92.92776261297345,9.759816903492204,271,5.943261442401049,1
92.7478902914159,14.937731027679316,146,3.4572591610827343,1
97.94170197473838,12.2890213579075,213,3.200567476099827,1
105.04979291052132,14.524913004343246,118,2.2335371518292315,1
85.85492266355871,13.349695494811858,147,8.64163787413143,1
87.55719255059809,14.02901011163371,296,6.5483142268712005,0
114.37738331334204,13.14419197214675,238,2.678599112536538,0
90.2501969555629,9.591591303759113,256,2.594884418391156,1
95.2077999190071,7.517884533468844,144,8.85732041373523,1
114.85087403800469,8.703201754505223,295,7.684577773869874,1
106.5259131759929,5.202362326399505,263,6.934591719148343,1
93.66847517366753,10.239931674646671,275,4.661776967853698,1
107.34798182898483,10.050578002704087,186,3.357780078506658,1
80.78732861525654,10.252504648304882,114,9.815056868015414,1
109.4257064004546,14.740312249720638,209,8.175156175205203,1
99.48064162064958,14.114540034548392,271,3.716013008226488,0
112.52728589137845,6.61712778330108,294,8.628083166506453,1
118.18550608025873,8.688825215558893,195,7.8303875375321335,1
117.03154197978273,9.23956179463262,267,3.6737249489019854,0
116.37060173821362,8.605329178516477,201,4.838975688174758,0
100.48679823735549,12.98495963603913,185,2.67358100851924,1
94.40568456555752,10.24037669867587,241,1.9994719994029841,1
98.60141298922692,10.72099816971625,290,7.504858295557271,1
107.59584013253443,13.530135589879254,180,3.4076067161848,1
115.35991107484747,13.059281534153586,150,8.380534291716282,1
88.27945212000478,6.322115228202997,211,9.960478403629835,1
116.72772633846813,12.139145840836342,285,1.689578325366838,1
112.60720927879557,9.354361289020355,114,5.257316125753302,1
119.15424060712938,7.9464890306250044,164,8.218563033797228,1
115.2100709312675,5.5001882090218635,187,8.100558068871102,0
91.19749318767626,9.87249560345451,282,7.839974424978716,1
84.23823645376191,8.554366807245314,175,4.140954417717198,0
84.48964287966355,7.515130396764008,109,5.084679301165471,1
91.64893274313104,11.946717295969576,141,6.354715216073232,1
104.56734895938158,12.694853873155871,194,9.765465252159315,1
112.1728130438869,7.447895190294248,110,3.947925438446436,1
115.97001227926259,5.494474366793472,217,9.308294989451719,1
104.9501353747693,13.48752700565235,243,3.424212263624447,1
80.22525250992214,5.099597412043034,224,9.901670189263342,1
87.45267106074134,14.37112493921472,177,7.0323731814483255,0
83.98904815413472,11.27619873982706,246,5.171603323226958,1
94.5329790227604,8.218466352013202,258,6.520513852572444,1
100.05403974534984,7.464779095767362,280,3.452780521361861,1
81.73588714314243,5.090056642644752,189,3.4675647176031994,0
93.93911903182621,7.354714170108771,107,2.0219908945914447,1
87.1671869850129,6.377283015171411,251,2.026452679348589,0
105.88280665035495,11.121662207231456,235,4.129045673220202,0
98.5708947729736,6.665455885938013,210,7.865699301067345,0
99.81270587735635,10.286298375366194,275,6.471740508383462,1
97.10767152133845,10.901164223444708,257,1.9232610429791874,0
118.24078841946269,7.980416983469145,157,8.670128724783199,1
88.58940500486253,5.3506494901871875,185,6.412308642910598,0
100.66657039375497,5.372538806141961,154,9.647700191063018,1
109.44069473461343,5.263473321939176,221,7.031669206700868,1
102.2737765253825,12.391246671365462,289,2.5765737733376293,1
117.16083542867204,8.180097048142981,207,5.2640502607704,1
95.11873422565137,12.963001859676636,147,6.836478377924838,0
98.54703223092713,9.317328238428491,231,1.2543823094497992,0
83.54089260858913,9.52998100829964,264,1.134192377393271,0
104.35996444207714,10.128826025095737,235,2.164627005387111,0
91.52847873792425,12.130314563751039,228,3.2649799154092367,0
86.41236158062276,7.735028658297071,297,4.8659421116860795,1
101.78125171618032,6.215873495335269,146,5.386964263838095,1
101.29241053519642,10.560573351914615,104,2.242248480441071,1
83.0348656489619,8.269776232427393,277,7.060524212042477,1
107.9286181397789,9.424913136680374,123,6.365242555268813,1
104.95088762603412,11.469467083373054,274,3.650176889570442,1
87.56069130985989,9.941257411412707,117,1.1229389509176282,1
98.77739448616175,11.202788171008429,183,1.6988312381796167,1
108.8129166591424,10.442000021136279,255,4.525252979597555,0
101.17742962165106,12.397963719360991,104,2.3857691604911553,1
95.81956304734281,12.0593661771162,129,4.391376455331738,1
92.89353832323775,10.341898918086192,100,6.653643440593196,1
104.41575466576214,11.789030208597069,185,5.925136850913551,1
117.56434793240962,13.735596022726128,181,3.080582948236548,1
106.86979361909934,9.322712877881685,273,4.0944024213287715,1
82.98983614545261,9.127630727487936,168,6.526280786037855,1
98.42739893928535,12.6424562085238,130,8.747695252391038,1
115.6329652604251,10.82553837041994,297,7.778920948649895,1
83.77849703204348,5.710067802225885,190,5.980600241500735,1
119.55502848550174,13.921120156910813,283,4.260636984848376,0
117.96277574581686,5.307831022376401,192,4.285461497876248,1
83.13097922919503,12.483963562097431,226,8.914755792379564,1
117.3365328179822,12.587941427043129,255,1.3531921843649175,1
94.52530361037849,14.531110852819305,115,9.891843799782349,0
113.7883666830345,5.5413440840232076,153,6.97937869766406,1
96.73533350853086,10.96856860784491,280,7.130239291651515,1
97.63420450810064,9.27840570627053,239,1.3419805357426795,0
105.36972363910171,8.306329548595421,119,6.44976347402145,1
110.97909677103934,5.90318560299073,181,5.363002540814023,1
81.35156603792994,10.626541196713092,261,1.9520101620466028,1
103.72623982108537,9.790407256746136,280,3.5012980969242316,1
87.46931976389484,6.045544581510242,291,9.01283010592286,1
93.83798071452811,11.124895070970833,250,5.949895742793577,1
93.91874664620866,12.379531202529385,208,4.720749176565178,1
98.76241360884615,12.672783010536483,254,1.6541394025672984,1
93.36545647504694,14.053731882624273,212,7.42709374662075,0
84.29444473802671,9.094707418887772,116,7.325657410564293,1
85.82514954101806,14.53072768622137,275,6.526392462753072,0
81.3375194224439,13.654294050826861,248,5.592363815985843,0
98.80996341315017,7.96501571023939,277,4.904059619866354,0
118.17790779411953,6.592830373494585,267,6.3394398368919305,1
84.62700894592466,9.353893961280134,225,3.10055906555566,1
117.85057972012328,9.018987079559666,102,9.471331577598828,1
109.33446058928374,10.757193053312044,116,6.299150762622066,1
105.49995211736652,10.83386232327748,288,3.800731999189389,1
105.81111021294251,12.499869843799752,149,5.047118657966416,0
113.06910593585128,10.098899482056101,221,8.25116309989203,0
84.27679457519285,6.048226409407656,189,2.454544546572677,1
100.19017294262167,13.582913355531062,186,3.6355206021423436,1
107.88364553043034,8.097645831851871,105,7.115572204628998,1
103.47281780294254,14.71297460306592,255,3.839402858340015,1
113.31116284093179,6.178601086797702,299,8.132515136753193,1
82.89086836045406,14.582511722325032,154,2.1740813845962474,1
107.62804157996663,5.91011806882517,285,7.864175534091476,1
101.36110921538871,7.310361379470595,272,1.615165433655096,1
95.16643455919774,5.465799420865416,299,1.113333514007453,0
93.61099928936123,12.05113146638995,246,9.08401166948946,1
104.83330531096772,13.502987365717917,201,6.232052952390688,0
115.63981498577058,9.340710818159804,128,4.166442073781303,1
99.84703704404461,14.285220750424298,250,3.0933517326746536,0
112.9889265630768,10.902990717555996,210,6.551972049347345,1
96.0862552737587,11.300071354465231,259,5.581019651830644,1
84.09577851172706,13.4541920170077,109,9.924379979769867,1
82.46022945834554,7.968002050518389,190,9.848943879883713,0
82.0533748529471,8.542657213276257,276,6.715221095274487,1
95.2060056783068,14.059519191946443,292,4.985834554953015,1
93.48951003343367,14.009634960387638,128,5.420268722211959,1
108.71748094490277,14.764827762008709,286,7.142311596131758,1
109.71286006339463,14.018383164416711,144,1.9141708981184324,0
82.03415875334959,6.273720360333609,294,3.9551686642964636,1
88.8449305155606,13.237242861369873,150,1.6774501690324346,1
90.97047400635599,9.098384781095941,200,1.6602468356522762,0
101.90447936571238,14.908013559459379,227,2.7625531770481038,0
85.78060895627802,9.722809643288011,110,5.367279291339042,0
85.35764877600002,10.538360825022206,181,8.062968890465104,1
117.75155556831832,10.297749152567985,227,5.369463020492853,1
112.16811629191125,8.217370298582779,105,4.019289495047827,1
87.22619608364681,5.7502208889291815,166,1.7411769130308232,0
96.26271231621963,13.956512304019185,161,5.9526597086481665,1
94.22487997030262,13.026758125262868,232,3.441417278348591,1
111.64016296261629,6.395267805596693,236,6.534407601254327,1
100.40851665912488,12.76768271350073,127,9.794689652191765,1
85.11398947973868,11.2584666605061,137,2.0018288932979513,0
109.55968252624976,9.091437879176222,142,2.909128588497459,1
95.87551912899676,7.5402114909556275,216,5.257850842894372,1
90.51696990528589,13.597287835022325,248,9.717524338113366,0
95.0199448808288,12.00188259294053,289,7.94628798642996,1
99.91026254427585,10.477399094691368,145,9.084062738465471,0
93.72462065668037,11.09568533898464,297,4.003433636282136,0
89.67623090367032,5.91066182082181,265,9.92834626400735,0
95.94008115215921,9.739197609111919,148,1.9254953445774166,1
80.76691642999593,6.93700292785702,138,1.4767561544149075,1
110.89991384385256,7.083836790088254,170,8.700423643486253,1
86.83779574270343,11.613039622868667,226,9.345383831862875,1
81.7561845452255,14.112561518342881,257,1.8152682179149158,0
106.14794771620316,9.037566104783465,248,2.0208468407125735,1
110.95744515294689,7.077492730121904,100,1.2985674198019643,1
112.55316526371374,11.487469372366542,259,1.9405680637845169,1
99.74036730642399,13.711870463503178,235,2.884778351202528,1
88.21472738759941,12.483188011224907,168,9.730689570190009,1
109.48910708999307,13.687572305365872,129,7.010742000157124,0
107.98852308617349,10.365546710107994,214,8.00697722966688,1
89.85082936412692,12.518762443691909,107,7.985254633223699,1
116.13631023451171,6.400645593589365,212,5.815663748012931,1
84.17485832331316,8.482746153631915,118,8.177400799417155,1
119.30752958365304,8.895491644815223,158,6.362267791509726,1
114.40991243909858,10.112957462460345,282,3.8309148784302183,1
107.51594581916301,14.290763602568237,257,6.0499909789156066,1
117.54999553119332,13.742965602221743,178,5.801577275210621,1
108.89244673294832,6.345254922891845,135,8.411077483833886,1
87.61827988120184,6.7278965188246325,154,9.835544956434932,0
97.68624552451247,8.576405495889112,143,4.699383088788375,1
82.86012097326541,7.907438658906739,254,7.870516105972237,1
95.58629689152461,11.147709531562622,176,1.897867036343202,0
109.66412078948835,14.02776047764545,177,7.991482325034597,1
95.4577340372327,14.622915416725867,200,4.342752207939089,0
93.21176701872537,11.536029525352266,281,1.35451146600718,1
103.81422890041247,13.381592014010867,275,4.269215607059595,0
114.88818115995579,10.252022002307971,129,6.495784758294803,0
81.9033277018445,7.083269468600397,138,2.073251509133199,0
