Usage,Baseline,Voltage,Anomalous
1.4848453787971894,162.14814237473286,219.67014728775533,0
2.2127066976270173,265.7532677425106,249.48275310689775,0
1.5463845072173856,351.64525739217214,192.63082112265778,1
1.224919697229121,412.89160018884934,204.06229518422833,0
0.9954723280702316,374.0180702834478,213.7927592184169,0
1.3173519575843944,368.6134116218515,216.98667649394218,1
1.5314722088287398,159.61688367008298,245.28204416197113,1
1.9922297144064727,238.45141602863515,223.60026184463553,1
0.7420975523446773,117.16490906407766,192.70665973122362,0
0.9432183764783018,387.7907572705858,214.47177780553972,1
1.2593080317373464,481.0343925269676,214.9894247421442,1
1.2207968102390292,205.6441560716303,247.92945630626707,0
1.2834961752104235,135.07868366492374,225.95182546126648,0
2.087042529280649,290.2280307014614,228.13906426953633,1
1.1483088059243463,442.6792892510275,232.79518187507625,1
1.5037963608053293,320.7896781087119,236.2023589409274,0
1.747814065715793,118.71086007604532,228.10306421214935,0
0.9643571003672102,489.7088962111784,204.23166106803612,1
1.9373907742950778,431.45996398504025,242.44275486046985,1
1.594222639476562,152.63763082060407,233.92718802463781,0
1.393562326062756,468.71910260140356,234.51222910581737,0
2.1195680534766277,280.27531544207545,249.79340435408494,0
0.986990518370364,248.75919622997648,238.15159209179896,0
2.2663519412286464,284.4213322108753,239.7490841893092,0
1.6220974707334075,433.8287827483789,247.0843309426095,1
1.7183497587593164,363.7918713147143,199.06803999093364,1
2.2501179283378856,123.69938095989102,219.86364258868406,0
2.135165375698672,483.0417484464684,224.83402141544724,1
1.7031241376438007,159.1136533913271,209.75654375334744,0
2.006375407696348,398.22718069414043,240.36420063367035,1
1.3666389804657937,354.4546121712524,235.7451772987434,0
1.5947555069994925,175.01121917862434,233.25298447048743,1
0.6241402734170223,168.29283044521986,249.82896638549002,0
0.6797158360000937,448.13103748187683,205.56288240450343,1
2.158850808372664,267.8779693998389,234.12743510052528,0
0.6193433113649933,361.8306056696554,223.08426849435403,0
0.8387982512652146,301.6284015426693,208.77935094963257,0
2.0916653179008833,390.9414068303838,199.63521224338754,1
0.5022919012565126,291.6969500157322,243.75303022405282,0
1.0648086576917286,214.95196610222735,225.72732896247072,0
1.6680773156532436,245.35334839859857,239.49603025844766,1
1.6908998629385932,443.63107778013705,222.72069904009268,1
2.054305816458947,287.2138771690908,203.19862483924118,1
1.5118525089843409,185.37973289784372,210.2529287860195,0
1.5188037390619407,473.8421552309013,212.8923305484128,1
1.9506211510814009,418.6401825993508,248.37608875022215,1
1.497248926532567,122.26645842247964,190.33799670288295,0
1.7169821731272337,499.5771847922071,249.1399613814704,1
2.295548136510102,377.97067857604094,248.82769810658982,1
1.302902015224744,164.10663961623476,249.7690474318082,0
1.2702501418384444,194.86707251943858,218.59529073517808,0
0.5070979837295426,376.97819249661876,247.82853817726,0
1.7268525230424638,411.9044221116488,213.73595091098963,1
0.559543814814264,195.61437725992246,191.5776664401032,0
1.5082969794566325,202.78754155970833,203.46083118230587,1
2.1084675780644533,222.84827794882432,246.71777469624308,1
1.5998421410393262,339.20734593465465,190.825881600124,1
1.039272330433352,168.72647132051077,222.7596481253785,0
2.0723368428987428,141.69727955391102,194.53609533368075,1
1.0394340081650777,371.54563563420544,207.18379470565472,0
1.9660635618917974,411.63917591726806,195.2855710427132,1
1.7205169103804625,300.37176176660216,241.57171726678337,1
0.8399925934960024,245.53308410735414,225.46424257886235,0
2.3102677496883715,272.81708541059055,244.12638794309876,1
0.9012873659143914,255.36313354878075,231.3011919724137,0
2.4791741482813396,483.9939632950701,248.26174787470597,1
0.5146209773098815,407.2359620876561,220.5926592856244,0
1.026966754285806,183.2348859400441,228.32263490577247,1
0.8997205945483977,253.67566082159203,224.5785291933434,0
0.5279868203409253,317.6049165452439,219.05562576679677,0
1.9647358002946311,345.19434482547535,240.75756192538074,0
1.8868516041991925,287.2735584115068,228.67150814022162,1
2.084701928709861,424.05065400478367,238.07873589132836,1
1.0133970929291305,407.0424077832927,237.1818361961448,1
1.3886703341659399,302.0631674512667,201.46270963931772,0
1.818227043243095,441.77175471269214,229.00981195105862,1
1.3795370077762872,400.43581217695436,201.97888115088006,0
1.8946515406358315,411.4327394882573,224.99922869462625,1
1.7679468168808843,482.56031177336666,230.64608106677804,0
0.729295606044353,206.58677648368106,249.8341042952552,0
2.062086242153936,207.0592649467397,191.8325186889843,1
1.9413527181850365,455.58090227625604,195.47454364682326,1
1.8116687752348106,408.8905493542718,194.6216017822739,1
0.8101872125420047,470.61821657425094,213.9016771760044,0
1.0359928975907273,125.25206412978122,239.29530168914883,0
1.2863540631752008,351.1028309046386,240.64337996722816,0
1.0598592433128868,157.85133524937896,234.2187757432691,0
0.9556205813522629,301.5588793170331,243.81269450979687,0
2.1107153403235515,162.2987727413777,209.37159665016716,1
1.7764644927204047,151.2314035939517,195.28927865513793,1
1.6309442631005007,104.86733815281326,193.489181679391,0
0.9519054217065077,352.09552495316177,241.12796317716317,1
2.3361531245372826,243.60904667603444,233.8261776612215,1
0.8823660781946325,142.07531395158867,231.91691836066724,0
2.089901865649354,229.13511109252394,210.38058031274014,1
2.4333453334105863,167.57763658063396,212.79431131709356,0
1.9541854584484721,476.6779326006638,247.48681173395914,0
2.4857175503692597,228.00195430453925,193.8282846458761,1
1.8021022339558934,233.58140931575596,236.42390421626754,1
0.93492068720779,435.94320135983423,208.57799942250358,0
0.9076389874330226,359.1023045144017,192.34327710475335,1
1.1491285685109527,384.0686429612005,234.55420664454738,0
0.5142600404420121,354.40072159558423,209.85471314070247,0
1.8633969401656691,478.47851357942614,233.3288511245678,1
1.0373355692556552,182.80033262321808,232.45926298708721,0
2.1303664645855056,495.6156967023183,222.0872125259869,1
1.2183453011186005,432.3824710226053,236.64238775263294,0
1.4599129869266254,335.5890355505369,224.8622994502746,0
2.4313778331207385,364.9486497584996,207.19821117089563,1
0.9843442460945542,359.53035060024564,234.04691806386515,0
1.9425081948594791,123.35848962366157,225.3483889526634,1
2.0102355786108346,187.20659941277546,190.76363690139524,1
0.9419963150472703,484.5883538098997,244.09865066621856,1
1.5019936732243913,313.74577154375174,222.7386170994588,1
1.2004038506259367,251.3414413047648,242.1176359287719,0
2.0438124868001784,404.81538535563,242.96421033893466,1
1.7449666380580748,309.80757706232384,216.6979994041053,0
1.451966109721094,105.26510857275903,220.45959978707384,0
2.0587265300954365,394.49503868604717,214.9452632605361,0
0.970311140016834,392.8870240211445,216.96620651848272,1
2.007243761168718,166.05948484398976,243.70882953830366,1
2.2307486241856487,482.66403536968534,237.28864083807466,1
2.257243193615145,189.56325261644574,197.59154057893468,1
2.067347186039208,283.09974695287974,226.61846689240576,0
1.3160283339965375,145.89438450436586,249.75439842318053,1
2.463616045435654,341.3129277802353,225.73304207394915,1
1.2591872876448797,250.180448022885,237.15229753558634,1
1.7772507982048513,241.2693848838822,236.14368840287025,1
0.8221483561389373,430.7907508883789,211.0190515523397,0
2.4608977972727857,103.82468514019129,212.31095816223754,0
1.9079718437293265,419.178708356969,233.44458530742418,0
2.006755090492737,328.5794262992315,219.9990118962901,1
0.6315534068222892,494.4394053920796,224.23424254782327,0
2.0268356284413436,335.7772882416996,232.77434742189024,0
2.0494468584412027,122.15165365918317,236.65450162234302,1
1.8435454527244597,120.25813057749053,206.2909946639843,1
1.0838192275806873,453.26119454873276,198.80762556621778,0
1.479380084321763,436.48565820442127,207.50767880342352,0
0.720868742617433,238.3560302328093,220.45229950552454,0
1.4431741329183052,347.2129936724549,210.52847903782234,0
0.9876477052008097,295.8365428222401,224.10176553085563,1
1.198193972988164,486.8656220544209,193.2079434475377,0
0.8252008168073972,479.9843603507566,220.58502469682603,0
0.960108735493794,493.5356034163098,212.07909441626248,0
0.6531372836402325,446.5795122537057,222.08000529357295,0
2.3398027328738427,463.8206363100405,215.3520012930986,1
1.5608213759508067,186.91151150685457,207.05355103825255,0
1.2934839425254794,432.4027155959098,244.24647432745815,0
1.5700584255375678,383.5428452817099,201.08589930528143,0
1.7565864569631053,485.11460353122806,230.8819345348336,1
2.343757586738698,328.50473137704773,245.47868275494486,1
0.8573859045726266,134.06686668422253,222.32019758112597,0
1.0911049972704352,338.9595564748612,242.58450931476892,0
2.451578672688229,374.6323712085151,197.49108870599707,1
1.2423859732970488,188.1284114849713,219.62732621538447,0
0.5451233015146553,257.6453534050913,217.42151682885637,0
0.7952869852743176,339.401365620672,190.48712842221968,0
0.552677403497104,249.6422949266022,216.59544048156008,1
2.479846284841457,249.97908689546557,212.14178538295587,1
1.057741697982446,153.23465566911895,230.18792366647693,1
2.347085513872452,476.2986892310664,246.2997867145911,0
2.4917725515194316,400.1977537980386,195.14746529572218,1
1.6996824422862284,100.49737554644081,209.64858320287738,1
0.5663926301311235,406.24531360886607,216.64388424365512,0
0.6631832607738539,395.9179970631435,217.311122682063,0
1.4631781102157555,103.8923840622092,236.4885832505352,0
1.312344025822972,247.84171904550584,216.60373995000646,1
1.7123546115635353,342.69907613021223,191.6296780872192,0
1.377695619422728,281.10026074321433,232.60624567556988,1
2.3681536985429688,411.1944474882029,243.0897817087403,1
1.5694794308270221,270.1833330537736,220.83428275298036,1
1.8874521229248844,161.54518778153482,224.86651130191032,1
2.292970545284993,490.5662497095314,199.77618633814276,1
0.7937437516664148,196.81599711041864,203.23875668073742,0
0.9594693082370571,387.0769242165329,204.1102143474767,1
0.7146373209480301,157.26252466562877,215.8445184928777,0
0.7792767984598246,231.60504551357306,245.6887132537385,1
1.5251679338684663,276.8110433721695,221.30708600289316,1
1.142358517934928,176.89280181082557,201.52585871208115,0
1.3463456790535098,279.9838305474438,205.96526415213697,0
2.4649796635881236,162.8651291967,213.04090178363106,0
0.8134086955918962,323.60261559435605,227.39553854156796,0
1.5816241415961512,365.4853010080776,216.40198918024032,0
0.6977423101073019,124.9737136112043,213.5466906506155,0
1.1369926265277572,448.45284843286726,223.88371602393968,0
1.5550518473491972,174.05635401681423,204.51009969726792,0
2.3932634919306754,190.1449701281295,194.73419635507494,1
1.282456442566966,364.53993603322516,191.46485888933333,0
0.6298133924293396,287.5004241737656,205.07554980802763,0
1.2763228959206339,299.7582396684263,195.49552204866814,1
0.7914823517479554,151.26199382525306,210.180438311246,0
0.9599792265828906,422.2943287505633,236.37601242158533,1
1.7361812463299808,346.821698441684,232.9776598292103,1
0.6348477324073634,154.15281732378241,226.65565736728172,1
1.4294475125000747,249.5997468102384,241.15001463276872,0
1.7189231720215288,424.1639730940121,206.9240574726566,1
1.3437167847349938,327.3420183946483,243.10322518179794,1
0.5382527012474607,143.45951165317217,213.95435018015075,0
2.471038713805731,249.11081831571468,214.05359909599758,1
1.2342315346810706,197.07775938229383,214.3210968175313,1
2.057154373866534,306.9862214614906,195.88566197445888,1
1.1512929843749065,437.3444515487958,248.52942989986335,1
1.4500335139868377,274.5068539217679,198.31040666950955,1
1.276927285221993,273.3368121473292,210.45314346815107,1
1.1850784590192154,462.1403609308148,209.15801921960542,0
0.5437027544155575,330.474165002909,194.4807659690026,0
1.220041875709007,326.4764349589627,199.13560780671258,0
2.2789799807990603,204.76395675015576,192.69150017112315,1
1.8807866771873674,343.0890991348505,207.5442696136308,1
0.7908457181908797,330.3641869669585,241.99941544173439,1
1.6823100092454784,258.7405881367456,210.36653234424307,0
2.284461719897743,496.2782263596722,197.42150992404277,1
1.9000680819297109,452.75638597923466,228.74163210303507,0
0.7973687847133935,399.8345160307262,249.79605472329462,1
2.235664993468993,314.93823536520017,203.93942737191566,0
1.1030880265777308,284.8239207578521,206.77426032223417,0
1.4081522886246836,173.95895808927975,248.3108232568473,1
1.5522855193782927,222.29498960584948,200.72657725302923,0
2.2010132087563905,409.5843199292841,220.67284404754983,0
2.3632149902953223,281.49958157502056,204.3791279809657,1
2.3593057555811123,452.90780662780054,245.94111387407463,0
0.5159083625570813,159.16445453821152,248.89126087457765,1
2.3437769711709144,303.33883840545457,238.88187076720092,1
0.6087739320031447,358.7862736085235,208.88702894876863,0
1.0315473136348707,306.7393825231704,214.2092485168303,0
1.5299757094556659,455.69075663399485,204.5383410199853,0
1.459851378008788,495.8253127316559,243.4454780205395,1
1.709419587774784,146.3338633365479,244.8734966612895,1
1.4588924574740116,151.9819616307684,215.13223973476283,0
2.3687513592808416,152.12964542404842,229.3919841941801,1
0.981097696429174,372.47083842821104,199.93319078648165,1
1.0480493880769717,249.07043819833515,216.09615402180455,0
2.3414758713861126,393.32586450636245,227.88994640040985,1
0.6534790274905125,262.1885891547915,213.12418711108117,0
1.7191216438096197,351.0426885328254,211.45597154118758,1
1.8634719041312215,407.9432022715574,190.05993953601657,1
1.511083446859479,319.28636426196823,238.25760782662684,0
1.8884637576462744,315.80143618000244,243.3602567212869,1
0.845509292023934,135.29373011425378,248.16781177274993,1
2.2052644655430798,264.3126971637739,233.15628310415292,1
0.7800513789397712,318.31086128997504,222.92753874219306,1
1.3016248886314994,284.792330266564,206.15707118852256,0
0.6505152026164116,460.3128000753702,249.95796855780992,0
1.5904221576348003,462.61225284779573,225.38517127192634,0
1.8394916148512783,428.7669522355047,230.86924433982676,0
2.3824432701905813,250.11923014924798,230.94436971731906,1
1.9786723917920017,386.91966067501374,240.71510774543088,1
1.5822058329083022,258.1153844278439,190.58035233081515,0
2.3652340343406673,193.03743959030362,203.2148164258823,0
1.456873676081753,237.16105742035265,229.93204001020084,0
1.6224113061977388,128.3858533142142,243.70874420947408,1
1.6921970553401915,232.7110036018589,231.12032691528137,0
1.3199594517731337,284.29688690446864,214.8094774896208,1
2.176965381131648,482.192357912332,211.6933297522157,0
0.8703518776901182,225.36423448784996,234.27688049699924,0
1.609684380743216,460.98141568220825,234.4742618282316,1
1.944466512374388,191.54331032939882,226.42347955034143,0
2.307952343753154,176.38755910369977,207.48802144584022,0
2.2678367928685566,307.598182572866,245.50928910343262,0
1.5174805788602839,369.0045477189624,223.11279652711835,1
1.7863229023266833,117.73290032091256,237.42954137489983,1
1.288475472258602,188.42634601888668,202.8584957297099,0
1.4363555257604006,282.2734666005266,210.64244731688368,0
2.312531585146099,232.4017343932726,242.47477098324055,1
2.3614079863849478,385.04843173932875,193.00642179639812,1
2.2908281161340396,304.4642384165267,220.73891867539973,0
0.7767417236272764,164.1436422415601,218.90232879064055,1
2.2001680426612724,457.7861517260362,235.07381133448493,1
2.3967274620429606,217.16227019334383,206.91362623595995,1
1.2224993891472093,392.4524435857694,203.14400931157596,0
1.5372925788433385,411.96631164216393,245.56797032639403,1
2.058190511625992,485.2630801024409,224.3025791175079,1
1.6241562751312975,299.40298660964055,196.28137409701927,0
2.486967043412499,346.33420618577287,201.58216973285926,1
1.4114267303136567,233.9505173918135,249.9295635708549,0
1.9278854224147552,371.2717173648266,201.73653977513155,0
2.0851822803930884,285.3533943465279,226.62853068122072,0
1.4882008315168789,275.0609458897689,215.2076847397371,1
2.213967611422752,442.18701164644216,243.13594569099013,0
1.592309182414393,120.06753739947547,235.31011553771967,0
1.3233015936032628,452.7849711327474,225.81708377570897,0
0.715647347703894,440.8279351314228,190.64433890787896,1
1.2868271527008484,302.54650142471564,242.78771244960757,1
1.9678729094665683,296.0811416822513,216.68004825032298,1
2.3425728233602143,244.72294721419607,245.8946591811146,1
1.0033588077206206,497.66951667269376,219.73234077125207,0
1.2104710346610053,144.46773310153648,231.65346935096352,0
0.8079219882088524,336.0860942514428,194.15755896799854,0
1.8814457884579376,372.6726360449668,234.70909921160714,1
2.4203768600198505,473.7320032867778,210.27976187871536,1
1.781904439696351,412.0813987427046,211.08154085990685,1
1.7341530600124526,357.53888112461874,197.1193506825634,1
1.6069798610008679,146.72492672484907,198.81142891841213,1
0.676911481371073,249.49340673258695,201.1455433723726,0
1.9590076528587672,155.5366570191941,209.69237011428535,0
1.7040990870987016,452.4850929862055,243.51819476653634,1
1.822953537712574,399.8484622254572,212.09561429380483,0
2.297622186054843,403.0147147188917,233.4617623937931,1
2.067921574122036,360.90260710941766,194.96485023339227,1
2.061830504309052,302.81741477468387,225.46592795631955,1
2.3543675377586952,159.98842378539888,218.91347387622636,0
2.479869902925999,231.87795468202071,248.67747681727027,1
1.6625654639221192,154.76631699075622,240.7724661927378,1
0.7177632320623315,389.9652571409373,217.28978634631898,0
1.4182598155508728,164.091510408802,236.50856584272032,0
2.0752022929232887,380.84542006867423,201.58232447762666,0
0.5554506495236984,376.90215583836186,223.74017964350668,0
0.6137748767122981,283.7217915965156,194.4771433341225,0
0.6343155647656427,154.0914616472209,210.885341935101,0
1.9620715166566216,225.92033045361467,203.55173089733023,0
1.5023332571263441,228.0372436302206,233.13458891951265,0
1.2377958870411871,380.15405325731734,219.4054414728617,1
0.711234090523472,145.49720776548975,235.06422873088064,0
1.9644805004117782,431.6274584864363,220.91772625788673,1
1.1420396211017994,404.4029160743656,195.1890665290983,1
1.0306481401293344,174.52276726970956,234.1220589839516,0
1.8046384031071019,387.66575271155574,239.99375583926835,1
1.6180217851936836,367.4052725871287,244.21187355476755,1
1.2248212836266033,399.24832004437053,224.3195167184025,0
1.7829749416111762,175.5714221794778,235.21512153996972,1
1.0424430407682364,163.03612886258745,235.1226602129576,0
2.0896605232086536,194.59359436910168,199.34498558793666,0
0.9586379006153078,246.34868125959025,199.85324124757423,1
0.8176753907640313,417.46599241432045,194.25313034854756,0
2.06487881899775,395.16957499154,209.19481810841808,1
1.9157840613958663,470.1806369114133,218.41051526446387,1
0.8652779514035969,123.45182363944618,249.873871165253,1
0.732491505379876,104.62251240567424,215.85960052409018,0
2.176798176973384,379.65553188031964,233.57455531044224,0
2.053196964393376,211.71499831766627,231.60382157635206,0
1.1545147473993285,233.631558213527,202.2689170150348,0
1.8163948164267334,318.7208103658049,193.51042908696618,1
0.7483203730956216,140.9652492507194,222.76040509201525,0
1.5140953180953562,357.07776661921986,232.01833553886857,0
0.5374605841208397,230.05897849246008,249.89510741117536,1
1.283203761843111,353.08604972039666,211.51666313687025,0
0.6496856429428102,433.6027652293543,243.78187372486582,1
1.450294360313765,168.44453333497188,212.9159473521512,1
1.3433632937057887,472.3492371658081,231.36470250583076,0
1.388770053276112,312.2752564249775,225.89517583102312,0
0.5906626040959881,469.1711060695873,193.1787275981558,1
1.2232326825636648,183.09203288071126,194.7033056182155,0
2.012967698199833,341.82506584169505,191.24584538346767,0
1.2378287467072402,261.55484692944185,212.25004507563938,0
1.9303439052191613,409.6888764624053,234.74806292596065,1
1.2389574472674665,342.36357728531857,200.36532363944337,1
1.3464788829803729,297.80618278332736,226.35117810303376,1
1.6277842256585322,465.19416257240346,207.32966680186468,0
2.401363873614165,250.8468256686721,237.8195574387443,1
0.7177208932933103,187.99208195927258,237.90376894017945,0
0.5658275373223474,343.2404747408367,236.5248708979854,0
1.7159143676200903,349.6113748691255,221.4900108280826,0
2.398194177856853,275.63784862875013,207.0740026047911,0
2.47944626510943,294.6440174757529,238.56664263271807,0
1.4683284947840036,483.82136571996,201.1660337163545,0
1.4361632421701969,393.0742765587205,207.38557612171937,1
1.7899275414903923,144.2407005930308,201.0368623696373,0
1.6112695144099396,184.8520283482444,230.45260962325887,0
1.7681761152282363,490.2306537742236,231.17416168694908,0
2.2479988510757885,390.5862215174125,229.15059956720518,0
1.9926123389752186,466.01805045786125,214.93608801188006,0
1.4937547833735911,221.54458559548883,196.010260432086,0
1.4237289180003392,396.74674403463695,244.67017507090128,0
1.779203497026232,385.60108340940457,220.46385784073428,0
1.411412568840595,217.87599417575004,214.41833169466548,1
1.4155587025312797,320.32653018028213,225.3294935948976,0
0.5326118035730096,350.9660445081181,201.56742614914634,0
0.8481282748146168,292.45272433098603,197.95292674629246,1
1.477027279991506,430.8714826632051,214.3315132874766,0
2.1453069181007383,433.1476167191958,203.63324164599464,1
1.0574540134542483,440.2402193206227,204.65741767222988,0
1.545286866262298,421.36942763926515,243.55068926671177,1
1.1899241695184644,295.23339087885785,221.84555063114948,1
0.709607979079178,252.57531925960288,219.00814385940106,1
2.416596966142601,432.55051348574824,231.36877562371583,1
2.2093477405006032,296.0805834225067,247.09288682060438,0
0.6569848489338128,198.54855945119274,196.73191386823385,1
1.9395745249365692,302.9374129288865,240.01207402655544,1
1.1951598087150004,156.73992876769685,225.04115079207077,1
2.489699614123585,376.65179623951957,198.76992122871025,1
1.1047970396579554,234.36851264956255,207.8289591213395,0
0.9774768907251998,204.26351937898173,218.94168498788437,0
1.6357810966108104,482.60349849389803,231.47062867464538,1
2.170252326686408,410.75239830332305,204.55642101720713,1
0.885037743639596,414.82780108957263,222.0927289280554,0
1.9188055394386625,349.48878771167335,231.0802976449517,0
0.6228131662822434,435.6691242041189,216.92444505085038,1
2.3378694862209946,403.6649924653525,241.78155766721056,1
0.6621498322945976,339.50948165344664,242.16754617042426,1
2.328462752688325,484.44976074068694,218.24147305842675,1
1.4816144989054056,176.6379798737692,248.37554262453398,0
1.3961822255918397,477.35188759790043,194.53510554432683,0
2.4466141590007533,260.57526479954595,190.2017426993762,1
2.480768355396438,311.35959336059466,212.84009582823515,1
1.800356251922024,149.09572781772357,226.06582368235055,0
0.754238583714097,316.0429755687164,227.75200944697966,0
1.512340171310405,344.48270074327735,218.58674417762973,0
1.5583262019113249,499.0806167234096,197.49299879443876,1
1.5288928562706194,490.0769644286106,200.22985130727366,0
1.6389836770400195,486.5589167497149,241.12887903112056,1
0.5374494275887813,239.35522404082295,242.0746679043557,1
1.9224545629410048,496.5065994980174,230.4339122716432,1
1.924788603905976,282.19126063804435,229.85307833673295,1
0.7309395503557758,440.7345035047602,225.86092768166844,1
1.6404788848916014,186.52798760758878,202.1755531421193,0
1.6367223648715492,302.3332718626409,215.6950420155942,1
1.8649008403808003,486.40483845104217,231.7536790878027,1
0.6707953842701622,478.81255876937104,222.23513632020033,1
1.7530066145321928,373.4939511285707,191.11482004330594,1
1.0615039014926824,419.12572902122395,247.2134084032059,1
1.5140059809923438,170.57067864096058,240.6889631543286,1
2.0466471054081534,388.66341979366297,205.63270084658427,1
1.9112918727260266,347.22032333414893,226.98753610997778,1
0.7378060353559868,136.62069430049843,245.39436302369126,0
1.6823695742321465,145.2636026358705,195.76066072681908,1
2.438233061881477,143.37744710050475,220.18176884780203,1
0.8135388746700045,389.74277393193427,217.37458155077766,0
2.20581417545083,156.68608329902898,214.61230031701194,1
1.9050961611075539,287.0929084457882,240.1353165335755,0
2.0480066258195193,242.7927223511031,212.83876880184744,1
1.063916654285291,320.20165630808714,193.81979999446045,1
1.075777858759685,382.59059488776114,193.95026452985815,0
2.3120389115529765,373.8890148885328,192.56467639147655,0
1.2196640641851173,306.2079663657506,214.54872531244223,0
0.626030781385621,285.7339494441542,233.1043766619016,0
1.7011934071589,259.1262380489035,202.22334771583093,1
0.7496353380836853,444.7639793217518,228.78811122589298,1
2.0931924828158164,232.34072194905798,231.22530832622226,0
1.7834928850021148,203.74632846699794,205.31212744093588,0
2.2494530104424166,397.3261974621085,226.03345936363775,0
2.0696744995652705,243.90538467869058,231.09210040161085,0
0.7242272966763923,438.79943990290735,217.99681736812755,0
1.2621413528688445,231.1554874548579,210.2029958368057,0
2.0491204998291748,380.7779298298353,227.14909309445963,0
1.3346829465326515,118.04360251413443,248.6708252396834,0
2.4447309695599566,254.225152044128,215.61048456213868,0
1.9714808997868984,237.2920699870206,213.50410577710727,0
0.530999833380642,426.67149571036936,217.8560141455668,0
2.259971383121673,486.82216129132405,194.5731036067029,1
0.7016095697371152,284.35251067718457,223.18979678028342,0
0.7810474483601717,429.9345108615032,209.72184323303583,0
1.9689848012221018,379.87788038294605,197.28532733987575,1
2.2299371188609607,486.9543950654773,217.9754044670424,1
1.572699255799112,424.44340573712986,190.20303919443865,1
1.0780994658915584,130.9912263854922,214.10711470976554,1
1.202631090506351,385.31268895289446,196.34411607558704,0
1.185778659192112,314.19988616894943,191.4575622039868,1
1.1533562076190245,106.57442317293086,239.46850277467013,0
0.9858193436432996,200.52518349017748,244.9749281969581,0
1.717734189258466,468.7020980107572,202.4604789015464,1
2.3008106371301347,470.42454911470116,222.35789583005567,0
1.1141648261666823,419.54018408025377,206.6774894278591,0
0.8733885949228242,492.71184131119577,219.61464632033093,0
2.1771553327428497,422.61808984968195,216.1978792536496,1
1.9835666617794065,104.08167491409807,206.14306330482913,1
2.361674063119821,215.1337361206047,232.02361477811786,0
0.8310394712098192,112.24967289510515,197.58945755921525,0
0.7885026282331831,137.64318749502377,193.18436693028204,1
1.5828587886099934,187.53632678031042,236.06052598223675,0
1.7288673096701905,301.423418530209,229.95580187324077,1
1.460346883719179,439.0128013848071,219.91156744878387,0
1.697933272647751,444.7867024628432,218.0673862283525,1
0.8607595377501427,346.4807434229186,219.8446827694856,0
1.4592275083281667,471.270375626494,216.22144456592036,0
1.8161851218793357,300.02493063608324,213.57353774987075,1
1.3654128984974074,455.6144176532806,219.98143617316722,0
1.8588946716331958,281.62610253280485,221.7109102695856,1
1.4023825611076792,210.89000296875292,231.51413884501727,1
1.1671991616845545,466.5651672401711,232.67242964404136,1
1.1072100941741847,255.17403027154774,212.65774480840867,1
1.321804117977176,301.36164353778463,214.81243136460932,0
0.5461792453644017,231.54425301227087,212.4218301841734,0
1.8370502768922274,365.1350401162919,222.19214641754263,0
2.190211281960524,498.0124900024142,217.2012122748517,0
1.2092541888862371,110.20541954590786,243.3757877881716,0
0.5920662722834371,459.9392024028406,231.78167601498836,0
2.4735511947711153,101.57042279570616,243.91938302526674,1
1.027396510902134,245.69115245848442,232.54821949356554,1
0.753242243381546,167.4427225158057,248.25952891142884,1
1.2395050159460559,402.9367122690205,228.14420669531614,0
1.9771140812671133,120.24433630286939,247.81300828978328,0
1.0878331937811314,321.39398143373114,199.49019342456558,0
1.6494064078389756,217.97045353812507,193.14866084976424,1
1.3311199888742844,153.46809954588085,224.74751111223156,0
0.735527984553237,408.7272848410563,249.00959234798648,0
1.1605740249842205,186.9667337021027,215.0563148381438,1
1.9497410114281333,189.47008482197555,202.72260173157758,1
1.7240077946628913,210.0307140551692,221.29248695161084,0
0.739556759767122,334.70670553121096,228.9279174747333,0
0.8266448194286171,363.8663726762993,208.91072173095333,0
1.781466718614891,107.04100948053798,232.88616150995557,1
2.1268308286417374,196.7478544455161,248.50687042274353,1
1.1989489919163385,272.38833700211313,243.81778730263702,1
1.6906215036869003,232.79078086449326,207.4951224107317,0
0.8412871775042106,453.66826340435443,209.6034209886759,0
1.1227526738106477,415.0834923545675,212.2924734669753,1
0.5405404113461052,350.35608621553104,213.67316670361873,0
2.036551895599045,235.2169663988159,196.01916995159678,0
1.3020196395459336,380.2689379384639,235.71777033335735,0
2.1322511473079078,437.45520513831775,211.92035581664203,1
1.9167459920454526,337.9321509435947,242.78919860232713,1
2.157488531456954,413.78458675735163,245.61643738720653,1
1.0713173391657655,399.64198455989913,191.4658785584613,0
0.8702174608556905,328.6949244641289,249.3101841956924,1
2.443811365303341,224.8732867286044,232.60136389001107,0
1.934655574081739,398.31286320050873,221.22353355957773,0
2.1680845358533407,182.71854654304258,213.3716565023532,1
0.5262667474198675,411.7953385886135,221.11108795658276,0
1.2089232405917731,421.8186768570132,209.47748343870666,0
1.9856333811546634,428.8579518281492,227.3612688217929,0
0.6559656659799666,289.16638839138307,195.57881658668748,0
1.6346798591378713,176.99230710816866,227.2673561747086,1
1.3581455349100064,139.8894400264275,206.52069100830664,1
0.5352330142822146,397.3445001951697,191.05808974314078,0
0.9719511542389028,454.5045538119253,223.16234596977267,0
1.0695839781334284,360.33534353476267,224.70686535116178,1
0.7237198926926449,157.66402415534785,215.59414028269217,0
1.7630738194853208,473.9585794070296,194.337173953019,1
0.984795752503778,495.64080581572784,243.6005771682515,1
1.0552389992387767,273.3514439739688,226.68584843367333,0
2.2964771964002946,337.93011570950847,196.9427979741382,1
1.434246185386279,410.8914080006631,220.65583459564886,0
1.2842562939385447,394.5559160200179,219.8352589569083,0
1.9477420766294344,487.1148767733797,193.62411212757561,1
2.319227593765824,145.95323643151556,226.41158221617684,0
0.5500726724748877,332.28994645712226,238.49958393529386,0
1.396477693110793,376.77256786923687,234.94048325490868,0
1.7215627121558945,456.03936967506803,202.178164849851,1
1.1371261962519792,449.64385108726026,241.73755177325268,0
2.0448154442464834,491.199917424516,210.55252993956105,0
2.4429541405405475,304.83138157507165,246.79050269751647,1
2.3868547325005665,432.30434672529066,194.30487785354282,0
1.0319650787598837,270.9126832509311,219.17252131119056,1
0.952676556874972,268.9255511424129,225.82746263065295,1
2.4149810620424423,201.3393457891436,204.8590059084763,1
1.4172569748629318,427.29491480769195,236.28281132321365,1
0.9165954461693835,494.32604232540626,227.613740788643,0
1.9139939272608364,202.53669133890315,191.08656623727734,1
1.0688406478075831,122.45263520842893,226.50211544177415,0
1.0344939501421047,426.21697496760294,219.48869406510678,0
2.2584980861555692,348.09202101390247,201.76175210221047,1
0.8249583067538069,483.8795202204018,249.74489362357178,0
0.6287858929324728,200.8956876307809,243.8297316896569,1
1.0383728803433745,128.41106320051244,207.5504617017438,0
1.7138908256764076,296.97690434660063,222.46425524791698,1
0.7461757068065411,134.186409186059,208.99012839461744,0
1.4431893445535875,204.716000441083,236.52974509816468,0
1.7546742208506396,150.39114432766732,245.81988599178732,1
2.197473985186348,189.65287186403148,211.529716414863,1
0.9597391824045087,142.45786112855674,238.33505494861765,1
2.134692646765579,481.56239977091417,219.9044525627923,0
0.9698125222624772,211.4250853798942,213.79471367869465,1
1.853533082479281,277.55903439702615,246.30531112592618,0
1.3613471429649102,459.4447230536889,220.62428132314187,0
0.7293624847573403,370.9286351845897,218.0446300154479,0
1.9285269256436974,347.2149922247097,230.34606411774058,1
0.9355252370980356,382.2252761443349,205.67405206109706,0
0.8532468520491829,431.5289028421527,209.48757224729894,1
1.2166458571787664,451.0677071407044,245.92275017431737,0
1.806580489518967,357.0558682660106,230.71179072621655,0
0.9679929575812556,456.0029098776231,239.59822886626034,0
0.8673230775637715,314.1590109701907,206.26670571612578,0
0.5199072514267287,210.91634250736936,222.6274113957923,0
1.4432861942034472,452.03068355353776,248.2837760193699,0
1.3572911386303654,316.58913096523486,209.12223394169305,1
0.9677354872747526,462.4550350268937,199.6285885790225,1
0.6073043280193815,116.06712558023249,220.65316049347985,0
1.3585117491916738,259.0063006164942,213.26926532349256,0
2.0764102221432625,479.1220073449873,199.5746339672028,1
1.930564262654354,199.8600371033211,243.3130829622021,1
2.2215897797203406,476.61449841539707,249.44343463322667,1
0.5191653754263112,481.5609844517,224.11493084139988,0
2.432838633609197,452.8569256903444,236.48060610240725,1
1.1828245052548967,325.46721803731947,241.54230217277797,0
2.4807955921839295,358.7757796322554,232.05892036130962,0
1.0052389212035493,447.8467993799477,192.64936294670386,0
1.4430727751564896,410.3588329556738,199.45805390300907,0
1.2078553531506073,352.03753978216463,194.25935146908319,1
1.2115214299886052,492.9037631482811,190.5927763985234,0
2.1845641974964316,374.2706545334777,208.35978452543418,1
1.9928378794746775,490.19279697910446,213.5413576288936,1
2.4843028704600965,122.9553898428363,204.46178394015556,0
1.727029365435025,155.584148296885,193.87627888517926,1
1.4265132087890053,280.58353840019623,221.79178545020065,0
0.6801477258937823,253.95178435372605,206.3991591974285,0
2.4931228390277136,413.0939365428111,237.76222929181375,1
1.6030613058645657,164.24561058768148,190.48315729751687,1
1.9009549393802836,490.4380716445954,240.5516230772566,1
1.3134847743826228,226.0263501043656,247.28522073675742,0
1.5954314163584717,271.5694830960638,232.96810378921418,0
2.3851554637857744,209.89801297600917,234.01864391575398,1
0.8328388758632055,331.7454469306189,246.01373869616398,1
1.0847451686605092,123.45148016903357,202.54427711802094,0
0.8041194555560647,159.87100222817952,249.6739340925146,0
2.0844318076095494,398.3190813674897,236.40887220271253,1
0.6240905208436591,174.60023336192157,233.59424249966762,1
0.6632632997026766,194.20578062266515,211.66543473971757,0
1.0969882255747374,417.1928942899351,222.74664912433664,0
1.5283763618420225,137.32047134290144,229.2350672964008,0
1.312549601119173,274.98952910833634,227.22057167903296,0
0.5896326213416145,109.22535479889079,232.29907830865483,0
2.414983115741903,238.72295972716154,194.94290434470463,1
2.4057390407161674,379.5925610443018,211.33890596990182,1
1.0587126464815197,136.04131188689132,216.04000099572863,0
1.963051230537163,455.33385071150406,205.63775787249799,1
1.6571508227664475,463.7996171762864,200.35763621615342,1
0.9749533900112481,141.99615005005404,198.33564879477177,0
1.0243431034832309,496.29297455031065,211.9830035353951,0
1.482306348620901,219.01182135819556,219.60650203375394,0
1.3384738829947203,133.64066845264242,193.77858640879964,1
1.0824586564625285,102.0268457989049,246.78748567543298,1
2.115023192610298,263.409158305545,235.9145993716455,0
1.4629258352747698,351.9239942824471,233.85110639112798,0
1.8096961247782557,232.8716999613253,200.37163149932363,1
0.878547000335751,434.6869461898491,226.22804608073133,0
1.5670153250329735,386.64251022602,221.78349680852006,1
1.135952098893243,240.06461278721306,248.94813074720162,0
1.5528272207897564,393.72386664344185,234.8603062048095,1
2.0616516668218563,476.19509478769993,224.54571302297387,0
2.0378264201825234,137.23839941720684,241.04875998820734,1
1.2084413560685519,222.44158406304675,199.30565625164257,0
1.8885542341592783,285.33037564667734,190.91299178145863,1
2.3825799007885538,299.1960511019074,231.41400000487138,1
1.7513386598498129,316.87825795442944,195.89868761423423,0
0.7968202467652743,220.25076261545942,196.92601839901056,1
1.8594172585581903,366.90385839293964,234.68084358547185,1
0.7098087726986226,358.0338014119319,206.23209064803933,0
2.2442208175860543,331.12860250864554,227.71787293413357,1
1.5333209916038806,145.50468868435064,245.04441556556492,1
1.270281472623159,290.7871564383778,208.98847189827148,0
0.6140131892993848,242.49075499575022,203.02864947039512,0
1.2615674691842194,296.41538793524904,196.39377302446312,1
2.3064133358315786,468.7465742060104,197.82774168518355,1
0.5419659925726064,292.2125372633633,193.73336172273056,0
1.4492963155636098,105.59231673580473,195.2585427297844,0
2.3623161822212446,275.53469523365237,215.92027532854922,0
1.2896819995300421,428.25927201975287,209.25190270143818,0
1.3563513749243008,412.0243692872673,232.39364885937988,0
1.6571201103982398,305.3560294112724,242.2144994948201,1
1.425874667154367,199.90760514372613,237.08639218854307,1
0.8372033824751048,286.03546516581804,221.83823539993912,0
0.5371110781397208,325.48088776727667,196.1465269739592,0
1.7196233159574033,499.9485753096535,232.58603703649322,0
2.3416131740156243,357.67123606775095,211.7697234836124,1
0.7127282660543313,377.7059720250454,195.1390236349246,1
0.9219054385055068,296.58165742722076,240.54798443275754,0
1.240458971649947,241.79582031301194,210.29299103095033,0
2.1174844580422394,425.18119345888243,203.09492995069428,0
1.0385206329419552,297.9729297356945,242.2871238771306,0
2.2641088085575367,497.87605198581,244.12803210682029,1
0.6099157493001328,282.8482297072176,210.3382502314936,0
2.3819132425178697,127.20011345903094,211.2880851568824,0
1.6214941557475298,373.0312548360331,224.77771165498865,1
1.817555356975409,118.65658037032443,234.00648962863949,1
1.2353790450727062,200.20063875388132,193.7889521144118,0
2.0639885710221204,241.49530111196134,225.6006194313083,0
0.8331325001688121,395.79343424853107,247.1692037070149,1
0.5978236505569741,297.69437056304514,205.72563383079722,1
1.2910338862151143,111.45837252410264,244.52963284581602,1
2.207391427962079,346.7399405103689,247.0101004457856,1
2.0098536732753893,264.57449497066494,206.14921845826538,0
1.534311940977916,468.7338039868429,235.25211195312102,1
1.644275494330707,299.82492445609415,204.3265004991736,0
0.7597856525975109,383.59005837573557,234.25666970392797,0
2.1813630172351646,187.54739693181875,237.84519827732956,1
2.073919365928394,404.3894258126613,204.83234222263897,1
1.8129407877738855,388.38212419346894,232.95217261499408,1
1.4323820726578769,461.63268341652326,238.7262723318454,1
2.428918536559025,113.52865668767969,211.5147323264147,1
2.2580639437529424,279.0002790469805,200.06216655938363,0
1.7888609870292371,371.66216109585207,195.5178740390508,0
1.2436019954345758,138.065560032086,224.52290221659652,0
1.7360445573630248,264.241626859565,248.6858871589428,0
1.6508818530613307,476.85864122647814,239.37701920133298,0
1.2884839756698327,274.3737963564513,216.15037833607317,0
1.1133479433761522,494.1619133922526,222.19725417129752,1
1.3140215844746448,122.73562443192785,206.77167312470914,0
1.6478228120667957,387.13191045635654,199.7839520416038,1
1.3562696894221888,332.40649449930777,218.9248694939364,1
1.0271489764027677,300.2158708528502,217.81009397003112,1
2.021926635521617,488.33896059400377,221.3157971682256,0
1.5629349919148259,151.86016019645146,247.16827513383646,0
0.6353503264511999,458.39958067236535,226.23371800868634,0
1.236633011252251,376.4961644546441,226.34631019734243,0
2.2698269144239873,203.5984293198531,197.6814857716646,1
2.010473062399904,460.66765825291736,249.78933197060923,0
1.1464935678880142,271.7179671444053,236.37069665408012,0
2.376366304089018,425.69093122922834,242.6322006456403,0
0.6532058167164203,255.53460681896,214.85802470985965,0
2.422469407784378,440.3723309732964,220.1276857471375,1
0.9914101849693513,354.65164737801945,221.3250285497366,0
0.5181883606048385,156.41865343349087,201.6456723573763,1
1.3676160730366536,359.865265387811,231.36934937961743,0
1.2179408593740173,176.53790508074906,244.17860341704738,0
1.5781780104135876,264.7690511576651,199.82234908830515,0
2.093545721139691,168.1182337008135,195.17909640916986,1
2.1848616043008944,108.80644626684743,234.29313433242052,0
1.3024599992233836,184.754615779983,206.39210990037893,0
1.3596914874127004,314.5488094896503,227.43175249703975,0
0.7963554606589474,292.6243871109384,231.74550027953083,0
0.595095217762327,300.5988382144255,209.3146458149093,0
1.7824299804700494,199.07475137864054,238.90867584554707,0
0.6288752511053846,374.0644802456745,222.999338926853,1
1.9676602388429119,381.7053147281383,242.13996447710815,0
1.578180290044495,243.18713022386623,235.79761315353684,1
0.8971659564521668,452.46803538966975,242.11453792224722,1
1.5790458870252992,357.60928665421915,191.20968292707366,1
0.8659954332041977,385.2157101034527,204.6103756443157,0
1.377474415020824,210.93596717557577,195.4004764267563,1
2.099120632484458,100.24465406223482,216.52498103136094,1
1.4238385868212748,446.1502448408438,243.3976072969191,0
0.7973986365950965,428.9697538319234,218.05241573601216,0
1.9476573636458903,149.2767552171321,240.98278267482365,1
0.8735368325400177,249.64205398252258,209.63069428115907,0
1.9770997487402189,364.53572335543305,210.37420436831513,0
1.4587045784316666,360.8443428874913,243.73370381961266,1
1.4074835181886032,444.1401339234226,215.5490287907021,0
2.2028700757149497,156.10726465417142,237.38592926767998,1
1.9172070486813375,271.9758991140475,204.19861287291408,0
0.5658215939098785,138.8897671705699,246.9280497806581,1
1.0923486292032047,255.83809937545126,224.47469479183428,0
2.2418413216997974,106.04297823508175,235.5594141147041,1
0.5366523370903973,459.3092260440508,195.37094198769313,0
1.5905068925239407,310.81759873147246,219.55985354983173,1
1.9556513383478877,439.9209043209415,244.0623098640414,1
1.7437121709691517,123.9618804013455,242.62231774259828,1
2.0210644042088726,190.98324418916826,192.80883743405366,0
1.9513836978294916,203.75199808847225,208.2219081477368,1
1.8840613903062267,254.6765978555152,216.5992003887448,1
2.1430797218513042,421.14654895901845,200.33588886134729,1
1.7913813368990767,254.62314949259707,233.79989865939822,0
1.3048369885139641,181.8614118585308,201.0707197359227,0
1.4438182198291751,125.99610413550737,210.79838166219318,0
1.9334495653629011,131.796699341075,229.7968382114691,1
2.252612059333588,404.01888238439096,218.9253606714688,1
1.0444376016795514,277.9211964146532,234.31426231809363,0
1.1841535919421415,390.47244880000613,247.67247407337157,0
2.3614787927248253,372.914848705479,196.99280126291185,1
1.6570235848188908,154.1449847041031,232.57406298388366,1
0.8579236342700021,157.15517367690688,203.82064933792688,1
1.8273902778247655,402.13680617365355,214.86860364445414,0
2.4815243110787595,388.5073173941669,191.97176354770838,1
2.1469071289408,251.21230674972415,198.15444293756192,0
1.9914822731028055,130.96890533313604,209.18663734293398,1
0.9160933085325385,104.83920867938087,210.5191483172791,1
2.2522795693680147,215.26277978469795,243.97511298772574,1
1.551577687071093,103.68890943489077,234.5087745559909,0
2.2785800441439115,192.02904844148136,248.33097809122245,1
1.1596556588497586,267.8002960845354,225.94429062011443,1
0.6241021052708655,148.56630612478168,204.50282392547908,0
1.4519519373194922,141.7111031326185,209.65930179529857,0
1.0396752096357553,458.5749742874946,209.19015539751803,0
1.9304585795525964,334.1880116091557,209.5896596597951,1
2.414213105712065,473.78227470511257,230.37785038670893,1
1.8819483023031278,238.33046551427168,221.84847568542497,0
2.2738678594184067,370.85797493166524,213.12545068519864,0
1.4060480272024127,181.87666984871615,198.94538612372298,1
2.0432814743906036,347.3361269119765,191.32834977652877,1
2.186086873343407,151.83429200399377,203.13008065526157,1
1.9217512551670848,100.8322556705143,196.44828423812086,1
1.5155545721391293,472.6127205638316,237.12670185113436,1
1.751732219230736,321.95775047008374,196.74987746883312,0
1.9010139913577606,470.7762651128158,233.45369423841018,1
1.0061688064428538,233.53260948082882,213.13952138656495,1
2.1191585218299696,231.1144276647027,194.40270338462656,1
2.4006490779345464,260.26200070921266,238.76380296589514,1
1.430478630359872,382.41639358326734,224.7778342141968,0
1.9021343662197547,326.32345367446965,204.14569077181437,1
1.974051811580708,470.1419628396472,243.6808704599601,1
1.8244950950429606,110.17636045297574,192.7154988322331,1
1.594230216657271,383.2783751890146,202.10917649186578,0
2.263295909149621,232.13107574662172,235.12281566835168,1
1.3978534185377889,172.09346072738447,232.56267581859333,0
0.6222059129732072,304.15824900803955,207.35630162346868,0
2.1891127514243207,302.0255136719984,193.721492521167,0
1.8479625446331014,154.80441147537135,241.48468433349663,1
2.1985172529992933,180.75842245315596,208.82185828419415,1
0.7770948848893886,263.26586596062197,201.7428048956959,0
0.5615058810194327,263.52456495692616,220.9637093416586,0
2.368749080765003,227.02325584787388,244.61363195694685,1
0.7954566117011486,159.4180606039924,192.6127946706025,0
2.1193046641409037,101.7494716403918,235.94824528185325,1
2.1464198843612716,488.0940249712082,224.34839367632253,1
1.917410401098006,477.3996918815708,215.52694699310902,1
0.7625244221857419,293.4601516704541,234.6448266463036,0
1.8347972491216151,498.02070131000227,247.94946546649794,1
2.2781731666537315,369.4617323128973,203.75237266976146,0
1.3510632896017665,127.54301504301662,198.61884190432718,0
1.3270337087571977,147.08727963305094,244.7729047133618,0
1.3857166191588381,466.44433754785507,230.13718464743823,0
0.6645437813524129,352.02088085985133,216.27916129371795,0
2.284051138059947,437.27345066294043,224.39557421585698,1
2.2383657279610207,459.3078598535377,234.73683431057464,1
2.4958186435805727,279.17680451295445,236.38191392234302,1
1.6703662829968269,119.41038063067722,245.19365084913787,1
2.0023832729027715,175.31213955892883,215.61056733373735,1
0.9053438126146094,126.62877892097404,207.6046546011637,0
1.835057636448339,175.49593827940294,228.37985600739052,1
1.7994656975147814,264.2131705823507,214.94367395677182,1
2.302417471683225,147.27872420599417,225.67590723693868,0
2.1615854456781483,166.69329912213732,215.199147907357,1
2.3769329252355265,278.32871282867166,199.17974720069046,1
2.237666945403215,236.06838015539583,218.16560509953752,1
2.2373877897977037,287.0632496752164,231.45506931646196,1
0.6274466533774365,271.6688111036248,237.957028460059,1
2.1919239053919117,357.79121039195337,219.5995766077928,1
1.7149567890062363,474.8758195503418,199.91427341262406,1
1.2608889035319224,143.145735377697,214.8812625789659,0
0.6130292487761246,139.70405972367797,237.1776357305019,1
1.8553475495360934,441.1224444363608,214.77155623702436,1
1.156403501075235,302.55868186098365,231.79184761625334,0
1.4355525299720695,406.5620094273769,220.43282090068539,0
1.8634568741102686,186.16876144291257,204.4733875065638,1
2.3235490940482855,431.5450292670207,237.76903048138445,0
2.1508738312099966,469.53864967707835,195.05280724424122,1
1.4011942582071997,354.19320621859526,221.49341696530902,1
1.2755663148927578,142.35160858952088,202.53346205460429,0
0.9795594776880949,458.1179256625355,194.02393771248254,0
1.2448535023519365,416.9950909480285,220.17603622499493,0
0.7220927745837966,400.35111060579595,219.97372935609542,0
2.442211016729509,114.69127556236623,232.41405410054324,0
1.6478348879191578,419.5850101027885,234.6850415831143,1
0.7556116855904258,155.1804041873428,233.6674893215738,1
1.2056120185318115,188.95447047875535,214.5735239750053,0
1.594078287241312,330.853933947703,227.90138723359377,0
1.5657712732817393,205.99230916675322,224.61671455863763,1
0.5710067374372647,364.5392825247679,215.29370536701518,0
2.4016820684582227,343.22817907963264,225.8327616511596,1
1.0507513629498892,143.25983920530504,246.83487260237575,1
0.5323693378637824,362.40583183660254,201.57362462088264,0
0.6528880179005649,469.581963929972,244.34632574713157,0
1.660389806495954,164.44396207433326,193.2073308389919,1
0.7755710413501937,338.82480837715497,208.50335277409965,0
0.5834495857070066,236.74614877467764,207.2887149166917,0
1.2592529328254227,283.8446687094416,227.58190647285434,1
1.7455223846803771,214.80007163158797,197.87349710663742,1
0.7236796096832248,241.65225453907811,242.94085671038522,0
1.126655664302631,111.56472930662291,239.71308450790247,0
1.3355213432490844,492.62069516688825,229.12394918111667,1
0.8189201955735343,349.9199688290993,217.50482990753187,0
1.5121477969334203,300.2822361975541,245.9773625285247,0
0.6704281738035418,253.48613980013067,239.84479328323334,1
0.5930369926901373,315.74982352961104,219.9589088848747,0
1.5396707343102696,252.04239948632159,232.1124012672587,1
0.9957939455017513,243.96317099746932,224.01579713078107,1
0.690747615796055,285.57861668880525,225.27653430329588,1
1.3478251749752646,210.39321346847632,209.85856416624827,0
2.3302814790347894,172.01995998671418,217.7250762774938,0
1.9483848933083099,322.6423592721174,194.68728584738466,1
2.1312318306940554,437.1061744601204,211.44092149987554,0
2.243827977517273,161.1312710903569,231.7497109217291,1
2.445255482792838,113.09373624168745,247.1929618303712,1
2.0264931470283463,198.72469806161445,247.78384676578122,1
1.7168158438789594,491.88825738152434,223.34337214749348,0
1.2308517606044944,431.5032294973357,226.3973351085749,0
0.8632864731154322,338.34642141143866,201.14327113005805,0
1.8733197479665886,471.6995660972544,231.71848648561183,1
2.489899972243884,278.1116467348978,194.2395275604632,1
1.434717369237838,493.3122410300696,207.08114114796666,1
1.9473587361856153,218.52081804771362,230.10180083712652,0
1.4901848999863123,196.12229980637562,208.61860789260936,0
1.3638668467269532,355.2192804588044,192.99081244686727,1
1.3206112271198303,251.26158718014415,239.91222456105783,0
1.5092493658633952,350.54621679050314,208.61980042807377,0
1.23379132373075,221.99820732107432,193.7863134915207,0
1.9975466436436156,347.1673027351964,194.4872898701719,1
2.248544053183033,210.29850423401456,205.10552792732523,0
2.2657706132903686,120.38882752755597,200.6809568332916,0
0.9553974268516519,464.85436076927334,236.45800706680905,1
2.2918182774629816,453.2820807493849,209.30104280002206,1
1.18310246371021,488.3192597090688,238.28174710238994,0
1.1186153309705953,386.6108704885619,200.43075986938916,1
1.9535121147964718,373.0884710941212,219.57275077264504,1
1.1093926801725789,323.60122802993226,231.28222801318773,0
0.6059328112194202,150.37696654100907,229.1194512319513,0
1.247235544620616,175.694124379708,226.06776459581613,0
1.942931200716698,215.78787546901447,245.4892961158702,1
1.153916840540353,456.06254502935775,203.71150886240466,0
1.759118111990293,169.18780984123003,219.6231522677263,0
1.8202388885262608,469.1492697951563,243.03955300434453,1
1.9674720234527123,309.1142932205669,194.67362593570942,1
2.2942609326218726,386.2278541892289,193.3532960951845,0
1.3651289985368629,144.0977946722266,203.99813725349748,0
0.8328641533249141,207.61341951036437,227.9812731722811,0
1.1378514308637788,483.4074432725705,205.5927775869884,1
1.3643345103479718,206.45997877189257,201.41439302852794,0
1.9277829386562262,218.60868815645844,217.52813892149751,1
0.526244251123267,179.0389539364318,226.8158841261647,0
1.1315707668797579,151.6294661227318,204.91346242100443,0
2.0596851620386336,193.30305658159918,208.04147120342452,1
1.8417154066613908,356.93075678031937,226.81355828869084,1
1.9634799471712103,282.1470934014254,246.74430531936716,1
2.1236215388783894,321.50233453515943,230.4845036462853,0
2.066471437755925,148.94593150640972,236.9742486150736,1
1.8643663323055562,420.84657886516004,212.00860568532812,0
1.3793230647411812,413.6378802319392,206.33526156306797,0
2.4671966577563076,108.63596445707016,217.25606459215734,1
1.6381463911801475,253.40603780412198,238.42796972270042,1
0.9055384187376783,127.50824078845912,217.37797850743334,0
1.0856257102095688,416.84231176598325,240.80352452739166,0
1.88712491194094,394.90787325028174,249.32631884170763,0
2.349479130398927,460.7952377172624,194.3215999438202,1
0.857440258411795,194.56158358124583,192.72460936502222,1
0.6646929914915727,282.51835325111955,198.97538217480172,1
2.2630620960840124,173.7951508657591,213.06218054406077,0
2.330555957825669,248.49397378964778,197.86253254872594,1
1.052758690631799,308.8973006267536,242.23986865712536,1
1.2545714487424797,121.33231593543559,191.38877506162382,0
1.8203759949957168,385.94816427095407,208.94756298014934,1
1.1598600416849496,317.3173441484301,201.08167776965232,0
2.254317416540106,431.58360688426933,245.89235980945193,1
0.7151574054277254,208.7122004764789,230.16886029340168,0
0.5759644419203904,461.3284421077018,244.72181538708247,1
0.916972413485579,499.47770121217735,248.3397226186236,1
1.072175556409938,467.7193753510698,219.82589462064215,0
0.7258531825777501,411.15699033326166,204.05914648288157,1
0.6313808586812935,424.9475211495123,201.62372717179537,0
2.0112154270035965,329.4976970178346,203.37513170115042,1
0.8285531318045147,176.0615451650442,232.51559845732018,0
2.327844398132608,370.81627405908694,192.42674368738005,0
1.235999322896192,385.1012008239726,193.0816643819629,1
1.8412116194426908,494.15405610716226,226.488576542989,1
0.9508042295376005,316.5205265025287,228.5234288042444,0
0.9806455369837337,208.54760601002255,229.9157754593476,0
1.6494184057351506,373.4690086958027,212.31283027531546,0
1.6212858502919723,491.7503278665818,238.3566933228492,1
2.0374584560241624,170.8855633076376,222.01747526359705,0
2.015626611388532,230.39916741424108,196.32793780056517,1
1.8413755293273222,316.7523815090724,237.82595842404072,0
1.398261131786982,168.08585395280193,247.1840671762275,1
2.2812807725612343,108.88825580797534,193.60217878014151,1
1.7451569804425975,234.79324897650025,213.48108032203479,1
2.4803969809247146,446.14832060042323,219.25096269008486,0
2.138739635868717,117.38735972948592,198.78824560469903,1
0.5886196224766524,271.571623606767,242.06253686697264,1
1.1411878141606355,404.880309170433,207.04897869340263,1
1.6437514329419034,481.2730387643541,236.9805123962896,0
1.9429390757429743,494.1901596017729,230.25966892169896,0
1.600672995523883,268.7877522434967,225.8827493480214,1
2.0722608449243634,480.15371775164704,201.52857092179326,1
1.0653113055146892,114.1675893123455,203.24221123305435,0
0.8678241024656501,398.36677519942253,192.84090428479416,0
0.6078333675795402,357.09841385344515,204.44274578693597,0
1.6466274891430441,199.80874303446092,210.72661656763086,0
1.8771990413509905,302.9274002718596,239.9887182317455,0
1.1522994342387232,151.82149510419825,211.9835600028883,1
1.7271683697117532,448.6388603806244,235.2773069659364,0
0.6043144617066585,243.15923421825917,216.36653687772926,0
0.6985866925936073,350.41778818628666,237.0920987196333,0
1.9035095445169967,163.5105145149049,248.5762960262224,0
1.2361394104345975,182.46593785248285,204.3904934834548,0
1.8426680622060112,496.78254832126083,241.74049671783257,1
2.163442240559836,401.23455777653174,227.3094451783465,0
2.2052448749522338,484.78874790962834,239.0376556953193,0
0.8443352909289019,218.34046608481765,229.09515413606832,1
1.472571144702693,165.82515064792815,215.436970436449,0
1.967853447264973,301.2273853915324,203.68449636650743,1
2.047961192533821,297.86731289093734,194.2021135198699,1
2.0693519614577554,169.97860550319513,222.13110186764303,1
0.9563346687611689,393.28782783256406,249.41956567161193,0
0.8850696354475467,244.71101377549363,234.28250830085238,0
1.6800249365473918,174.5460923722069,209.640732483941,1
1.9821715954764394,232.79335781731535,239.63228800520412,0
1.1382790310683866,325.4634798540061,236.13904001058438,0
0.7094103137248431,390.5883728721773,206.8981476012074,0
1.933492765820155,292.7563544229938,190.85844938765408,1
1.099395662760009,310.23799593134936,197.08975831203696,0
0.8327254486234437,155.57837437709935,242.63837141872347,1
0.7954470567942633,465.87636988329285,240.1937821182923,1
1.1298190950534326,471.48967919681775,207.71254005270174,0
1.685356131827491,373.3706361672015,207.11172557706522,0
1.2168044773876332,107.05256357360989,237.57189922614828,0
0.5413237031868632,314.82968636133046,246.26424819372534,1
0.6938168693556221,351.6875888354454,236.748235407856,0
1.0810064943972382,497.861689183244,226.3347206218457,0
1.8194089642941838,498.42678207791874,204.56028101990827,0
0.6970301469370677,443.044494130223,221.54487484571564,0
1.6213137070013637,125.53239681044542,204.0107115155959,1
0.7397717416480085,481.31055631149195,238.48068520580642,1
0.923230654698763,345.06449886079963,213.21766477106422,1
0.8443770551115255,420.35470819167176,240.02183301964158,0
0.634457271141621,262.8771398743414,212.8965530789635,1
1.8426596347731805,227.86778849383592,239.44896431199348,1
1.426807094772069,285.2976581935232,209.9990689099145,0
2.1621068817946765,158.74980518753077,216.4079622770602,1
0.6977816799646339,242.8264555013224,226.92930516055947,1
0.7894658666761445,443.04699990731143,194.21725684179512,1
1.1129154627009012,115.1801945043526,246.89242370892788,1
2.0317319738776165,160.35121872984178,224.4163471674282,1
1.1115176463113976,150.04646385979422,220.46920088144813,0
1.3168374149973852,261.2302170800912,240.36363826719472,1
1.1032071325943291,498.7947603563447,241.94576379380965,1
0.6604485836020599,169.3431720845531,221.33562427174095,0
2.3788672457923745,158.19305983970406,245.63573954761824,0
1.5970779841423777,466.0222919104618,193.88426596458885,1
2.0756663763709935,452.8202067863863,196.79354753507306,1
1.816714184370592,112.89614799862177,225.8072938008664,1
1.5285085581239501,400.682384071726,211.24395170761503,0
0.6793565133187602,362.1862805905718,217.85350997135194,0
1.7854670905406087,407.0963239410836,209.68475307383,1
